date,vehicle,weight
2016-07-04,13,6.8
2016-07-04,24,6.08
2016-07-04,14,6.7
2016-07-05,24,2.8
2016-07-05,13,9.5
2016-07-05,14,10.71
2016-07-06,14,7.2
2016-07-06,24,6.04
2016-07-06,13,10.75
2016-07-07,13,10.9
2016-07-07,14,14.32
2016-07-08,24,7
2016-07-08,13,6.85
2016-07-08,14,11.15
2016-07-11,14,13.12
2016-07-11,13,14.1
2016-07-11,15,9.25
2016-07-12,13,14.2
2016-07-12,15,13.4
2016-07-12,14,15.68
2016-07-13,13,0.7
2016-07-13,15,6.85
2016-07-13,14,7.6
2016-07-14,14,10.5
2016-07-14,15,9.2
2016-07-14,13,10.1
2016-07-15,15,11.15
2016-07-15,14,12.6
2016-07-15,13,10.85
2016-07-18,15,6.8
2016-07-18,13,8.9
2016-07-18,14,8.5
2016-07-19,13,7.3
2016-07-19,15,9.6
2016-07-19,14,12.4
2016-07-20,13,4.25
2016-07-20,15,14
2016-07-20,14,9.91
2016-07-21,15,7.7
2016-07-21,13,11
2016-07-21,14,11.96
2016-07-22,14,11.46
2016-07-22,15,9.7
2016-07-22,13,8
2016-07-25,14,11.62
2016-07-25,13,9.45
2016-07-25,15,9.15
2016-07-26,13,9.85
2016-07-26,15,7.35
2016-07-26,14,11.58
2016-07-27,13,4.25
2016-07-27,14,6.24
2016-07-27,15,4.75
2016-07-28,13,6.95
2016-07-28,15,8.05
2016-07-28,14,10.16
2016-07-29,13,3.75
2016-07-29,15,10.25
2016-07-29,14,11.28
2016-08-01,15,5.15
2016-08-01,14,8.3
2016-08-01,13,8.9
2016-08-02,15,6.42
2016-08-02,15,8.55
2016-08-02,13,6.7
2016-08-02,14,9.8
2016-08-03,15,9.2
2016-08-03,14,5.48
2016-08-03,13,5
2016-08-04,15,5.75
2016-08-04,14,6.08
2016-08-04,13,7.2
2016-08-05,15,8.45
2016-08-05,14,5.5
2016-08-05,13,11
2016-08-08,15,13.7
2016-08-08,14,15.62
2016-08-08,13,14.2
2016-08-09,15,16
2016-08-09,13,18.1
2016-08-09,14,10.33
2016-08-10,15,9.25
2016-08-10,14,7.2
2016-08-10,13,7.5
2016-08-11,15,7.95
2016-08-11,14,13.49
2016-08-11,13,9
2016-08-12,1,1.7
2016-08-12,15,3.3
2016-08-12,2,1.245
2016-08-12,16,1.55
2016-08-12,13,6.1
2016-08-12,8,4.3
2016-08-12,,1.28
2016-08-12,14,12.38
2016-08-15,14,15.92
2016-08-15,15,10.15
2016-08-15,13,7
2016-08-16,14,14.23
2016-08-16,15,11.6
2016-08-16,13,6.2
2016-08-17,15,16.9
2016-08-17,14,10.96
2016-08-17,13,5
2016-08-18,13,7.5
2016-08-18,15,8.95
2016-08-18,14,9.9
2016-08-19,13,13.5
2016-08-19,14,5.34
2016-08-19,15,15.8
2016-08-22,15,8.85
2016-08-22,13,11.35
2016-08-22,14,12.06
2016-08-22,21,0.28
2016-08-23,13,13.55
2016-08-23,15,9.25
2016-08-23,14,11.4
2016-08-24,14,5.66
2016-08-24,15,8.35
2016-08-24,13,7.4
2016-08-25,14,6.38
2016-08-25,15,11.05
2016-08-25,13,11
2016-08-26,15,10.75
2016-08-26,14,10.88
2016-08-26,13,8.5
2016-08-29,15,12
2016-08-29,14,10.86
2016-08-29,13,12.3
2016-08-30,15,11.65
2016-08-30,13,5.5
2016-08-30,14,16.55
2016-08-31,13,2.25
2016-08-31,14,16.1
2016-08-31,15,7.75
2016-09-01,13,11.8
2016-09-01,21,7.2
2016-09-01,14,13
2016-09-02,14,13.65
2016-09-02,21,11.4
2016-09-02,13,10.15
2016-09-05,15,14.5
2016-09-05,14,18.2
2016-09-05,13,19.05
2016-09-06,14,20.82
2016-09-06,15,13.7
2016-09-06,13,21.85
2016-09-07,15,8.45
2016-09-07,13,13.75
2016-09-07,14,10.1
2016-09-08,15,15.2
2016-09-08,13,11
2016-09-08,14,16.7
2016-09-09,8,3.6
2016-09-09,13,11.2
2016-09-09,14,16.5
2016-09-09,15,18.7
2016-09-12,14,12.84
2016-09-12,13,16.25
2016-09-12,15,19.35
2016-09-13,13,12.75
2016-09-13,14,10.06
2016-09-13,15,11.45
2016-09-14,13,10.65
2016-09-14,14,7.56
2016-09-14,15,17.45
2016-09-15,15,13.6
2016-09-15,13,11.2
2016-09-15,14,10.56
2016-09-16,14,13.33
2016-09-16,15,15.7
2016-09-16,13,5.55
2016-09-19,13,17.45
2016-09-19,15,15.65
2016-09-19,14,18.84
2016-09-20,14,22.24
2016-09-20,15,14.1
2016-09-20,13,21.25
2016-09-21,15,10.6
2016-09-21,14,9.3
2016-09-21,13,11.3
2016-09-22,14,11.32
2016-09-22,15,18.1
2016-09-22,13,15.1
2016-09-23,14,18.78
2016-09-23,13,10.5
2016-09-23,15,17.5
2016-09-24,14,21.24
2016-09-26,15,17.8
2016-09-26,14,16.73
2016-09-26,13,20.2
2016-09-27,15,15.9
2016-09-27,13,10.75
2016-09-28,14,18.87
2016-09-28,13,13.18
2016-09-28,15,22.35
2016-09-29,13,18.05
2016-09-29,15,18.6
2016-09-29,14,18.96
2016-09-30,14,20.5
2016-09-30,13,10.05
2016-09-30,15,20.4
2016-10-03,15,19.75
2016-10-03,13,21.15
2016-10-03,14,24.88
2016-10-04,14,20.3
2016-10-04,13,22.3
2016-10-04,15,23.55
2016-10-05,15,9.4
2016-10-05,13,13.8
2016-10-05,14,9.8
2016-10-06,15,10.3
2016-10-06,13,14.2
2016-10-06,14,18.23
2016-10-07,14,20.4
2016-10-07,15,16.1
2016-10-07,13,17.05
2016-10-10,13,17
2016-10-10,15,18.6
2016-10-10,14,15.4
2016-10-11,15,14.9
2016-10-11,13,17.55
2016-10-11,14,13.6
2016-10-12,14,10.3
2016-10-12,15,21.3
2016-10-12,13,14.45
2016-10-13,13,15.85
2016-10-13,15,17.8
2016-10-13,14,10.1
2016-10-14,15,18.35
2016-10-14,14,21.58
2016-10-14,13,15.8
2016-10-17,13,22.9
2016-10-17,15,23.45
2016-10-17,14,30.48
2016-10-18,14,23.96
2016-10-18,15,26.25
2016-10-18,13,28.5
2016-10-19,15,13.75
2016-10-19,13,15.95
2016-10-19,14,10.1
2016-10-20,15,13.85
2016-10-20,13,19.15
2016-10-20,14,20.26
2016-10-21,15,15
2016-10-21,13,15.95
2016-10-21,14,21.7
2016-10-21,8,10.15
2016-10-24,14,12.33
2016-10-24,15,17.8
2016-10-24,13,17.65
2016-10-25,15,15.15
2016-10-25,13,15.2
2016-10-25,14,20.2
2016-10-26,14,13.64
2016-10-26,13,14.856
2016-10-26,15,25.7
2016-10-27,13,18.5
2016-10-27,15,13.55
2016-10-27,14,20.34
2016-10-28,13,21
2016-10-28,14,26.48
2016-10-28,19,3.1
2016-10-31,13,23.25
2016-10-31,15,25.25
2016-10-31,14,28.32
2016-11-01,14,20.18
2016-11-01,15,23.9
2016-11-01,13,26.9
2016-11-02,14,10
2016-11-02,13,16.15
2016-11-02,15,14
2016-11-03,15,19.3
2016-11-03,13,19.8
2016-11-03,14,15.1
2016-11-04,13,18.45
2016-11-04,14,23.08
2016-11-04,15,20.95
2016-11-07,13,10.65
2016-11-07,15,9.7
2016-11-07,14,10.5
2016-11-07,13,10.2
2016-11-07,14,7.3
2016-11-07,15,8.75
2016-11-07,15,3.35
2016-11-08,15,5.15
2016-11-08,14,8.17
2016-11-08,15,9.55
2016-11-08,13,11.7
2016-11-08,14,10.18
2016-11-08,13,9.95
2016-11-09,14,10.22
2016-11-09,13,3
2016-11-09,15,10.15
2016-11-09,13,11.35
2016-11-09,14,8.78
2016-11-09,15,9.85
2016-11-09,15,9.638
2016-11-10,14,10.28
2016-11-10,13,10.5
2016-11-10,13,2.5
2016-11-10,15,9.95
2016-11-10,15,10
2016-11-10,14,10.22
2016-11-11,14,10.2
2016-11-11,13,6.6
2016-11-11,13,10.95
2016-11-11,15,9.9
2016-11-11,14,10.2
2016-11-11,14,5.32
2016-11-11,15,5.75
2016-11-14,15,9.55
2016-11-14,13,10.75
2016-11-14,13,10.25
2016-11-14,14,5.88
2016-11-14,14,10.1
2016-11-14,15,2.45
2016-11-14,14,10.08
2016-11-15,14,10.35
2016-11-15,13,11.4
2016-11-15,15,10.25
2016-11-15,14,9.4
2016-11-15,15,9.9
2016-11-15,13,10.65
2016-11-16,14,5.88
2016-11-16,13,5.6
2016-11-16,14,10.1
2016-11-16,13,11.5
2016-11-16,15,5.55
2016-11-17,15,8.75
2016-11-17,13,10.95
2016-11-17,14,10.24
2016-11-17,14,10.16
2016-11-17,15,5.3
2016-11-17,13,5.1
2016-11-18,15,10
2016-11-18,14,10.25
2016-11-18,14,10.5
2016-11-18,,5.4
2016-11-18,13,11.35
2016-11-18,13,11.15
2016-11-21,13,9.55
2016-11-21,14,10.24
2016-11-21,15,9.45
2016-11-21,13,10.2
2016-11-21,15,10.15
2016-11-21,14,7.88
2016-11-22,14,10.18
2016-11-22,15,9.15
2016-11-22,15,7.15
2016-11-22,13,5.3
2016-11-22,14,10.16
2016-11-22,13,10.9
2016-11-23,14,10.18
2016-11-23,13,9.2
2016-11-23,13,3.35
2016-11-23,15,9
2016-11-23,14,9.82
2016-11-23,15,9.05
2016-11-23,15,6.45
2016-11-24,13,10.15
2016-11-24,,5.9
2016-11-24,13,8.95
2016-11-24,,10.5
2016-11-24,15,8.35
2016-11-24,15,8.45
2016-11-25,15,5.7
2016-11-25,,5.85
2016-11-25,,10.35
2016-11-25,13,10.3
2016-11-25,,10.3
2016-11-25,13,7.5
2016-11-28,15,9.1
2016-11-28,13,10.5
2016-11-28,,5.26
2016-11-28,13,11.35
2016-11-28,15,9.2
2016-11-28,,9.9
2016-11-28,,9.85
2016-11-28,,9.54
2016-11-28,13,11
2016-11-29,,10.42
2016-11-29,,9.1
2016-11-29,,10.26
2016-11-29,15,9.1
2016-11-29,15,9.45
2016-11-29,13,10.25
2016-11-29,13,9.85
2016-11-29,13,11.95
2016-11-30,15,10.45
2016-11-30,,9.78
2016-11-30,,4.52
2016-11-30,13,6.65
2016-11-30,13,11
2016-12-01,15,9.1
2016-12-01,13,10.55
2016-12-01,15,9.55
2016-12-01,,7.8
2016-12-01,,9.98
2016-12-01,13,7.1
2016-12-02,,8.6
2016-12-02,13,10.2
2016-12-02,15,8.3
2016-12-02,,10.26
2016-12-02,13,11.5
2016-12-02,,9.92
2016-12-05,,9.98
2016-12-05,13,10.6
2016-12-05,15,9.45
2016-12-05,,3.62
2016-12-05,13,5.6
2016-12-05,15,8.5
2016-12-06,15,8.95
2016-12-06,13,10.75
2016-12-06,,7.74
2016-12-06,15,6.4
2016-12-06,,10.1
2016-12-07,,5.34
2016-12-07,13,6.9
2016-12-07,13,10.75
2016-12-07,15,9.2
2016-12-07,,9.6
2016-12-07,15,5.1
2016-12-07,15,8.85
2016-12-08,13,6.4
2016-12-08,,9.72
2016-12-08,13,9.95
2016-12-08,15,8.85
2016-12-08,15,8.25
2016-12-08,,6.12
2016-12-09,15,8.65
2016-12-09,13,10
2016-12-09,15,11.2
2016-12-09,,9.94
2016-12-09,13,6.05
2016-12-12,15,8.75
2016-12-12,13,10.05
2016-12-12,15,5.55
2016-12-12,13,10.608
2016-12-12,,8.64
2016-12-12,15,9.25
2016-12-12,,9.78
2016-12-12,13,4.15
2016-12-13,,9.84
2016-12-13,15,10
2016-12-13,,6.52
2016-12-13,15,10.65
2016-12-13,13,10.25
2016-12-13,13,10.2
2016-12-14,,2.08
2016-12-14,,8.34
2016-12-14,15,6.45
2016-12-14,13,4.85
2016-12-14,13,10.15
2016-12-15,,4.72
2016-12-15,13,4.25
2016-12-15,13,9
2016-12-15,15,9.25
2016-12-15,,8.64
2016-12-15,15,4.65
2016-12-16,15,2.75
2016-12-16,15,9.1
2016-12-16,,6.54
2016-12-16,13,10.15
2016-12-16,,9.48
2016-12-16,13,6.25
2016-12-19,13,2.5
2016-12-19,,1.52
2016-12-19,,9.98
2016-12-19,13,9.85
2016-12-19,15,8.75
2016-12-19,,6.05
2016-12-20,13,8.75
2016-12-20,,8.45
2016-12-20,,8.66
2016-12-20,15,6.25
2016-12-20,13,4.05
2016-12-20,,5.34
2016-12-21,,7.58
2016-12-21,13,3.35
2016-12-21,15,8.75
2016-12-21,13,9.95
2016-12-21,15,1.95
2016-12-21,15,9.15
2016-12-22,13,7.75
2016-12-22,13,3.05
2016-12-22,15,8.45
2016-12-22,,4.24
2016-12-22,,9.68
2016-12-22,15,8.25
2016-12-23,15,8.45
2016-12-23,,9.34
2016-12-23,,5.78
2016-12-23,15,8.2
2016-12-23,13,5.1
2016-12-26,13,9.5
2016-12-26,,5.74
2016-12-26,13,5.5
2016-12-26,,9
2016-12-26,15,8.45
2016-12-27,,1.86
2016-12-27,,8.56
2016-12-27,15,3.45
2016-12-27,13,9.8
2016-12-27,13,5.2
2016-12-27,15,7.55
2016-12-28,13,1.75
2016-12-28,15,7.45
2016-12-28,,8.1
2016-12-29,,0.82
2016-12-29,13,1
2016-12-29,13,8.3
2016-12-29,,9.54
2016-12-29,15,8.35
2016-12-30,13,8.05
2016-12-30,,10
2016-12-30,15,9.95
2016-12-30,13,4.15
2017-01-02,,9.46
2017-01-02,13,8.35
2017-01-02,15,8.75
2017-01-02,13,0.95
2017-01-02,15,3.95
2017-01-03,13,3
2017-01-03,15,7.85
2017-01-03,,7.44
2017-01-03,13,7.8
2017-01-03,,3.92
2017-01-03,15,3.45
2017-01-04,13,0.65
2017-01-04,,9.24
2017-01-04,13,9.4
2017-01-04,15,8.55
2017-01-04,15,8.65
2017-01-05,13,3.45
2017-01-05,13,7.8
2017-01-05,,9.22
2017-01-05,,2.6
2017-01-05,15,7.45
2017-01-05,15,4.2
2017-01-06,13,7.3
2017-01-06,13,3.45
2017-01-06,,8.98
2017-01-06,15,8.35
2017-01-06,15,5.95
2017-01-09,13,7.1
2017-01-09,13,7.95
2017-01-09,15,7.88
2017-01-09,14,9.62
2017-01-09,14,7.52
2017-01-09,15,8.9
2017-01-10,14,7.22
2017-01-10,13,8.05
2017-01-10,13,8.75
2017-01-10,15,3.75
2017-01-10,15,8.95
2017-01-10,15,9.15
2017-01-11,13,7.85
2017-01-11,14,4.2
2017-01-11,14,6.96
2017-01-11,15,7.55
2017-01-12,13,4.65
2017-01-12,13,7.5
2017-01-12,15,7.25
2017-01-12,14,8.46
2017-01-13,13,5.9
2017-01-13,14,3.36
2017-01-13,13,8.25
2017-01-13,14,9.16
2017-01-13,15,8.25
2017-01-16,13,7.84
2017-01-16,14,7.44
2017-01-16,15,6.8
2017-01-16,13,3.84
2017-01-16,15,4.86
2017-01-16,14,2.06
2017-01-17,15,3.88
2017-01-17,15,7.82
2017-01-17,14,7.6
2017-01-17,13,8.06
2017-01-17,14,4.96
2017-01-18,14,6.14
2017-01-18,15,2.46
2017-01-18,13,6.1
2017-01-18,15,6.62
2017-01-18,15,8.24
2017-01-19,14,2.42
2017-01-19,14,7.48
2017-01-19,15,6.86
2017-01-19,15,2.5
2017-01-19,13,7.8
2017-01-19,13,5.75
2017-01-20,15,6.6
2017-01-20,13,7.54
2017-01-20,14,9.18
2017-01-20,15,4.76
2017-01-20,13,3.84
2017-01-23,,1.4
2017-01-23,15,6.12
2017-01-23,14,3.84
2017-01-23,13,7.84
2017-01-23,13,7.66
2017-01-23,19,1.663
2017-01-23,8,1.78
2017-01-23,13,6.4
2017-01-24,15,5.46
2017-01-24,14,4.46
2017-01-24,14,7.92
2017-01-24,13,7.1
2017-01-24,15,7.16
2017-01-24,13,6.15
2017-01-24,13,2
2017-01-25,13,6.46
2017-01-25,14,7.02
2017-01-25,15,6.86
2017-01-25,13,3.8
2017-01-26,14,0.22
2017-01-26,15,3.04
2017-01-26,15,6.18
2017-01-26,13,3.98
2017-01-26,13,6.52
2017-01-26,,19.55
2017-01-27,14,0.8
2017-01-27,14,7.9
2017-01-27,15,8.58
2017-01-27,13,4.5
2017-01-27,13,7.8
2017-01-30,14,2.36
2017-01-30,14,7.1
2017-01-30,15,8.24
2017-01-30,15,2.44
2017-01-30,13,9.74
2017-01-31,15,7.02
2017-01-31,14,8.2
2017-01-31,13,7.1
2017-01-31,15,4.72
2017-01-31,14,2.92
2017-02-01,13,7.3
2017-02-01,14,6.54
2017-02-01,15,7.12
2017-02-01,15,6.5
2017-02-02,13,4.66
2017-02-02,13,7.38
2017-02-02,14,4.38
2017-02-02,14,7.26
2017-02-02,15,7.6
2017-02-03,14,7.64
2017-02-03,15,3.12
2017-02-03,15,7.38
2017-02-03,13,4.3
2017-02-03,13,6.6
2017-02-06,13,3.3
2017-02-06,15,7.76
2017-02-06,14,4.28
2017-02-06,14,8.3
2017-02-06,13,8.34
2017-02-06,15,4.8
2017-02-06,14,0
2017-02-07,13,4
2017-02-07,14,4.22
2017-02-07,15,3.78
2017-02-07,15,8.72
2017-02-07,14,7.86
2017-02-07,13,8.74
2017-02-08,14,6.1
2017-02-08,13,7.108
2017-02-08,13,3.8
2017-02-08,14,0
2017-02-09,17,2.7
2017-02-09,15,8.52
2017-02-09,17,7.9
2017-02-09,13,8.88
2017-02-10,,2.46
2017-02-10,13,0.95
2017-02-10,13,4.52
2017-02-10,,2.9
2017-02-13,15,7.6
2017-02-13,13,9.56
2017-02-13,14,10.36
2017-02-13,14,1.34
2017-02-14,,2.68
2017-02-14,,7.94
2017-02-14,14,3.9
2017-02-14,14,7.94
2017-02-14,13,8.55
2017-02-15,13,1.1
2017-02-15,14,6.3
2017-02-15,15,6.36
2017-02-15,13,7.648
2017-02-15,15,8.66
2017-02-16,14,1.66
2017-02-16,13,7.62
2017-02-16,13,3.55
2017-02-16,,8.14
2017-02-16,14,8.96
2017-02-17,13,4.86
2017-02-17,15,7.28
2017-02-17,14,9.22
2017-02-17,13,4.76
2017-02-20,15,8.38
2017-02-20,14,6.72
2017-02-20,13,9.86
2017-02-20,14,8.42
2017-02-20,13,8.96
2017-02-21,14,8.22
2017-02-21,15,9.44
2017-02-21,15,5.28
2017-02-21,14,3.4
2017-02-21,13,8.52
2017-02-21,13,6.7
2017-02-22,15,7.06
2017-02-22,14,7.02
2017-02-22,13,8.04
2017-02-23,14,3.88
2017-02-23,15,8.06
2017-02-23,14,8.96
2017-02-23,13,8.32
2017-02-24,14,1.86
2017-02-24,15,4.92
2017-02-24,15,9.58
2017-02-24,14,9.54
2017-02-24,13,8.06
2017-02-27,15,7.54
2017-02-27,14,10.48
2017-02-27,13,9.9
2017-02-27,15,6.89
2017-02-28,15,3.08
2017-02-28,15,8.6
2017-02-28,13,7.12
2017-02-28,14,6.1
2017-02-28,14,7.68
2017-03-01,13,5.28
2017-03-01,14,7.1
2017-03-01,15,9.18
2017-03-01,15,5.44
2017-03-01,13,4.16
2017-03-02,13,3.1
2017-03-02,14,2.72
2017-03-02,15,6.68
2017-03-02,13,8.56
2017-03-02,14,8.86
2017-03-03,14,7.02
2017-03-03,13,4.56
2017-03-03,15,8.82
2017-03-03,13,5.52
2017-03-06,14,4.64
2017-03-06,15,8.04
2017-03-06,13,5.75
2017-03-06,,6.82
2017-03-06,14,8.76
2017-03-06,13,9
2017-03-07,14,4
2017-03-07,,4.52
2017-03-07,13,5.85
2017-03-07,14,8.3
2017-03-07,15,8.08
2017-03-07,13,9.1
2017-03-08,15,4.4
2017-03-08,13,7.02
2017-03-08,14,6.82
2017-03-08,13,2.3
2017-03-09,,0.94
2017-03-09,15,8.16
2017-03-09,13,7.25
2017-03-09,14,7.5
2017-03-10,14,0.96
2017-03-10,15,9.28
2017-03-10,14,9.02
2017-03-10,13,7.84
2017-03-13,14,7.76
2017-03-13,15,8.1
2017-03-13,13,8.7
2017-03-14,13,2.6
2017-03-14,,1.98
2017-03-14,15,7.92
2017-03-14,13,8.2
2017-03-14,14,7.48
2017-03-15,14,5.9
2017-03-15,15,8.02
2017-03-15,13,8.1
2017-03-15,,5.68
2017-03-16,14,3.34
2017-03-16,13,7.18
2017-03-16,14,6.06
2017-03-16,15,6.78
2017-03-16,13,3.5
2017-03-17,14,3.62
2017-03-17,13,5.3
2017-03-17,13,4.7
2017-03-17,15,5.4
2017-03-17,14,5.72
2017-03-20,15,8.6
2017-03-20,14,4.18
2017-03-20,13,4.38
2017-03-20,15,2.78
2017-03-20,14,7.14
2017-03-20,13,8.64
2017-03-21,15,2.08
2017-03-21,13,7.44
2017-03-21,15,8.84
2017-03-21,14,7.94
2017-03-21,14,1.18
2017-03-21,13,6.14
2017-03-22,15,4.2
2017-03-22,14,6.16
2017-03-22,13,7.26
2017-03-23,15,0.82
2017-03-23,13,1.08
2017-03-23,13,6.8
2017-03-23,14,5.56
2017-03-23,15,7.82
2017-03-24,13,7.4
2017-03-27,13,2.7
2017-03-27,13,9.2
2017-03-27,14,10.24
2017-03-28,13,5.46
2017-03-28,14,8.18
2017-03-28,15,7.44
2017-03-28,14,2.32
2017-03-29,13,3.6
2017-03-29,14,6.5
2017-03-29,15,8.72
2017-03-29,13,7.4
2017-03-30,,0.46
2017-03-30,15,7.4
2017-03-30,13,4
2017-03-30,13,7.2
2017-03-30,15,8.52
2017-03-30,14,2.06
2017-03-31,15,2.46
2017-03-31,13,5.12
2017-03-31,15,8.2
2017-03-31,14,9.34
2017-03-31,14,3.02
2017-04-03,14,4.8
2017-04-03,13,6
2017-04-03,14,8.18
2017-04-03,13,8.1
2017-04-03,15,7
2017-04-03,15,3.8
2017-04-04,15,3.366
2017-04-04,14,2.96
2017-04-04,14,8.98
2017-04-04,15,9.86
2017-04-04,13,6.5
2017-04-04,13,10.1
2017-04-05,14,1.94
2017-04-05,15,7.48
2017-04-05,13,8.44
2017-04-05,14,7.3
2017-04-06,13,2.84
2017-04-06,15,0.88
2017-04-06,15,8.8
2017-04-06,14,7.22
2017-04-06,14,3.68
2017-04-06,13,7.65
2017-04-07,15,10.52
2017-04-07,13,8.4
2017-04-07,14,9.68
2017-04-10,15,7.88
2017-04-10,13,8
2017-04-10,14,6.76
2017-04-11,13,6
2017-04-11,15,7.12
2017-04-11,14,2.52
2017-04-11,15,3.48
2017-04-11,14,7.98
2017-04-12,14,5.5
2017-04-12,13,7.52
2017-04-12,15,3.94
2017-04-12,15,8.64
2017-04-13,15,2.72
2017-04-13,15,7.74
2017-04-13,13,3.6
2017-04-13,14,4.94
2017-04-13,13,8.58
2017-04-14,13,1.12
2017-04-14,14,3.38
2017-04-14,15,8.42
2017-04-14,14,9.7
2017-04-14,15,3.78
2017-04-17,15,1.42
2017-04-17,15,8.34
2017-04-17,13,6
2017-04-17,14,6.98
2017-04-17,14,7.24
2017-04-17,13,9.42
2017-04-18,14,5.88
2017-04-18,13,8.1
2017-04-18,15,7.1
2017-04-18,15,7.74
2017-04-18,14,8.38
2017-04-18,13,9.46
2017-04-19,13,0.74
2017-04-19,15,7.96
2017-04-19,14,7.94
2017-04-19,13,8.5
2017-04-20,13,8
2017-04-20,15,9.01
2017-04-20,13,4.48
2017-04-21,15,9.32
2017-04-21,13,7.8
2017-04-21,14,10.42
2017-04-21,15,1.2
2017-04-21,13,4.82
2017-04-24,13,6.38
2017-04-24,15,10.84
2017-04-24,14,9.5
2017-04-24,13,8.58
2017-04-24,14,6.24
2017-04-25,15,3.26
2017-04-25,13,8.66
2017-04-25,15,8.58
2017-04-25,13,6.34
2017-04-25,14,3.44
2017-04-26,14,9.8
2017-04-26,15,4.96
2017-04-26,13,6.1
2017-04-26,15,9.42
2017-04-26,14,4.66
2017-04-27,14,3.24
2017-04-27,15,7.45
2017-04-27,13,6.28
2017-04-27,15,8.85
2017-04-27,14,9.32
2017-04-28,13,8.32
2017-04-28,15,9.43
2017-04-28,14,5.06
2017-04-28,14,7.32
2017-04-28,15,4.4
2017-05-01,15,7.2
2017-05-01,13,6.28
2017-05-01,14,7.06
2017-05-01,13,9.7
2017-05-01,14,10.1
2017-05-01,2,1.7
2017-05-02,14,3.6
2017-05-02,15,10.3
2017-05-02,15,6.9
2017-05-02,13,9.42
2017-05-02,14,9.66
2017-05-02,13,8.75
2017-05-03,15,5.27
2017-05-03,13,7.16
2017-05-03,14,8.52
2017-05-04,15,9.2
2017-05-04,13,9.8
2017-05-04,14,9.08
2017-05-04,15,1.62
2017-05-05,17,2.01
2017-05-05,15,4.6
2017-05-05,1,4.8
2017-05-05,8,4.8
2017-05-05,14,6.14
2017-05-05,15,11.02
2017-05-08,2,1.6
2017-05-08,1,1
2017-05-08,14,10.18
2017-05-08,13,7.88
2017-05-09,14,4.36
2017-05-09,15,5.44
2017-05-09,15,8.76
2017-05-09,13,9.7
2017-05-09,13,5.8
2017-05-10,14,7.72
2017-05-10,17,9.26
2017-05-10,14,4.1
2017-05-10,13,9.8
2017-05-11,13,9.1
2017-05-11,15,8.22
2017-05-11,13,1.16
2017-05-11,14,9.26
2017-05-11,14,2.56
2017-05-12,14,9.98
2017-05-12,14,6.74
2017-05-15,14,6.52
2017-05-15,15,9.26
2017-05-15,14,9.56
2017-05-16,14,4.1
2017-05-16,15,4.02
2017-05-16,13,6.68
2017-05-16,15,10.14
2017-05-16,14,8.92
2017-05-16,13,9.38
2017-05-17,13,7.8
2017-05-17,15,7.7
2017-05-17,14,8.66
2017-05-18,13,8.87
2017-05-18,15,9.2
2017-05-18,14,2.48
2017-05-18,14,9.64
2017-05-19,14,9.88
2017-05-19,15,10.2
2017-05-19,13,7.24
2017-05-19,14,1.96
2017-05-22,13,9.34
2017-05-22,15,10.5
2017-05-22,14,9.3
2017-05-22,15,1.7
2017-05-23,15,8.16
2017-05-23,14,3.64
2017-05-23,13,4.58
2017-05-23,13,9.1
2017-05-23,14,9.46
2017-05-24,14,1.34
2017-05-24,14,8.92
2017-05-24,13,9.26
2017-05-24,13,2.58
2017-05-24,15,9.01
2017-05-25,14,8.98
2017-05-25,13,9.32
2017-05-25,13,7.86
2017-05-25,14,6.26
2017-05-26,8,3.1
2017-05-26,13,2.06
2017-05-26,14,2.86
2017-05-26,13,9.88
2017-05-29,13,4.42
2017-05-29,13,8.42
2017-05-29,14,3.78
2017-05-29,14,9.6
2017-05-30,15,2.17
2017-05-30,13,5.64
2017-05-30,14,3.24
2017-05-30,15,9.5
2017-05-30,14,9
2017-05-30,13,10.18
2017-05-31,15,5
2017-05-31,14,5.6
2017-05-31,13,7.34
2017-06-01,13,7.74
2017-06-01,15,1.6
2017-06-01,15,8.5
2017-06-01,14,9.56
2017-06-02,13,8.84
2017-06-02,15,9.9
2017-06-02,14,9.1
2017-06-05,14,6.26
2017-06-05,15,2.7
2017-06-05,15,9.5
2017-06-06,14,9.38
2017-06-06,13,6.72
2017-06-06,15,8.8
2017-06-06,15,4.9
2017-06-06,14,4.64
2017-06-06,13,8.69
2017-06-07,14,7.12
2017-06-07,13,7.52
2017-06-07,15,4.1
2017-06-07,15,9.4
2017-06-08,13,1.908
2017-06-08,15,8.6
2017-06-08,13,8.08
2017-06-08,14,5.4
2017-06-08,15,1
2017-06-09,15,7.9
2017-06-09,14,8.78
2017-06-09,13,8.82
2017-06-09,14,1.22
2017-06-12,14,3.94
2017-06-12,20,0.6
2017-06-12,15,8.5
2017-06-12,14,8.98
2017-06-12,15,3.9
2017-06-12,15,8.96
2017-06-13,13,8.12
2017-06-13,15,2.6
2017-06-13,14,7.66
2017-06-13,13,5.8
2017-06-13,15,9.6
2017-06-13,14,4.1
2017-06-14,15,6.2
2017-06-14,14,6.2
2017-06-14,13,7.36
2017-06-15,14,7.1
2017-06-15,13,0.94
2017-06-15,15,8.4
2017-06-15,13,10.92
2017-06-16,14,7
2017-06-16,13,9.76
2017-06-16,13,2.1
2017-06-19,13,8.38
2017-06-19,14,7.1
2017-06-20,14,8.26
2017-06-20,13,3.04
2017-06-20,13,7.46
2017-06-20,14,3.8
2017-06-21,13,7.88
2017-06-21,13,3.48
2017-06-22,14,6.66
2017-06-22,13,9.24
2017-06-22,13,2.14
2017-06-23,14,0.6
2017-06-23,14,9.62
2017-06-23,13,4.8
2017-06-23,13,7.5
2017-06-26,13,8.34
2017-06-26,13,5.14
2017-06-26,14,8.58
2017-06-26,14,5.1
2017-06-27,14,0.84
2017-06-27,13,4.2
2017-06-27,14,8.76
2017-06-27,13,9.4
2017-06-28,14,4.94
2017-06-28,13,7.66
2017-06-29,14,7.1
2017-06-29,13,8.7
2017-06-30,14,8.56
2017-06-30,13,5.26
2017-07-03,15,3
2017-07-03,14,9.68
2017-07-03,13,8.84
2017-07-04,15,7
2017-07-04,13,0.28
2017-07-04,13,8.16
2017-07-04,14,5.38
2017-07-04,15,1
2017-07-05,15,3.6
2017-07-05,14,6.84
2017-07-05,15,8.2
2017-07-05,13,8.22
2017-07-06,14,6.28
2017-07-06,15,5.7
2017-07-07,15,4.5
2017-07-07,14,2.2
2017-07-07,14,9.98
2017-07-08,14,9.98
2017-07-10,13,4.24
2017-07-10,15,5
2017-07-10,14,9.06
2017-07-10,13,8.52
2017-07-10,15,0.8
2017-07-11,14,2
2017-07-11,15,8
2017-07-11,14,8.11
2017-07-11,13,8.02
2017-07-11,13,1.5
2017-07-12,15,6
2017-07-12,14,5.14
2017-07-12,13,7.34
2017-07-13,15,8.2
2017-07-13,14,8.12
2017-07-13,13,6.88
2017-07-14,13,8.56
2017-07-14,14,6.47
2017-07-14,15,7.6
2017-07-17,15,4.8
2017-07-17,14,4.34
2017-07-17,13,6
2017-07-18,15,6.6
2017-07-18,14,5.98
2017-07-18,13,6.2
2017-07-19,13,2.82
2017-07-19,14,3.04
2017-07-19,15,7
2017-07-19,15,1.7
2017-07-20,14,4.68
2017-07-20,15,7.7
2017-07-20,13,8.99
2017-07-20,15,1
2017-07-21,13,4.1
2017-07-21,15,6.2
2017-07-24,14,6.9
2017-07-24,14,8.12
2017-07-24,13,8.94
2017-07-25,14,7.8
2017-07-25,13,8.9
2017-07-25,14,9.14
2017-07-26,14,7.8
2017-07-26,13,8.02
2017-07-27,14,6.66
2017-07-27,15,4.8
2017-07-28,13,6.5
2017-07-28,14,9.32
2017-07-28,14,9
2017-07-31,15,6.5
2017-07-31,14,5.52
2017-07-31,13,7.88
2017-08-01,15,5.6
2017-08-01,15,1.8
2017-08-01,14,7.84
2017-08-01,13,9.8
2017-08-02,13,2
2017-08-02,15,4.1
2017-08-02,13,6.6
2017-08-02,15,9.5
2017-08-03,15,4.1
2017-08-03,15,8.2
2017-08-03,13,8.02
2017-08-03,13,4.95
2017-08-04,15,7.5
2017-08-04,13,8.24
2017-08-04,14,9.72
2017-08-07,13,7.26
2017-08-07,13,7.68
2017-08-08,13,7.16
2017-08-09,13,5.12
2017-08-10,14,5.54
2017-08-10,14,1.7
2017-08-10,13,3.9
2017-08-10,13,6.82
2017-08-14,14,6.36
2017-08-14,15,7.8
2017-08-14,13,8.62
2017-08-15,15,8
2017-08-15,13,1.16
2017-08-15,14,6.4
2017-08-15,15,2.2
2017-08-15,13,9.7
2017-08-16,15,3.6
2017-08-16,13,5.6
2017-08-16,15,9.7
2017-08-16,14,5.1
2017-08-17,13,9.96
2017-08-17,15,9.8
2017-08-17,14,4.3
2017-08-18,14,8.74
2017-08-18,15,9
2017-08-18,13,6.12
2017-08-21,15,9.8
2017-08-21,14,3.06
2017-08-21,14,10.04
2017-08-22,15,2.2
2017-08-22,15,10.1
2017-08-22,14,9.78
2017-08-22,14,2.44
2017-08-23,15,7.6
2017-08-23,14,6.82
2017-08-24,15,0.5
2017-08-24,14,10.98
2017-08-24,15,9.8
2017-08-25,14,10.16
2017-08-25,15,8
2017-08-25,14,4.8
2017-08-25,15,7.5
2017-08-25,17,2.45
2017-08-25,2,0.5
2017-08-28,13,3.64
2017-08-28,14,1.72
2017-08-28,14,9.76
2017-08-28,13,10.34
2017-08-29,13,6.6
2017-08-29,15,8
2017-08-29,14,9.14
2017-08-30,14,5.36
2017-08-30,15,10.5
2017-08-30,15,4.6
2017-08-30,13,5.9
2017-08-31,14,7.18
2017-08-31,15,9
2017-08-31,13,8.88
2017-09-01,14,10
2017-09-01,14,11.96
2017-09-01,13,11.74
2017-09-04,14,9.4
2017-09-04,15,10
2017-09-04,13,10.28
2017-09-04,13,2.24
2017-09-04,15,1.8
2017-09-04,14,4.02
2017-09-05,15,1.6
2017-09-05,14,7.76
2017-09-05,15,10.1
2017-09-05,14,5.36
2017-09-05,13,9.2
2017-09-06,14,7.1
2017-09-06,13,7.06
2017-09-07,13,8
2017-09-07,15,7
2017-09-07,14,8
2017-09-08,15,10
2017-09-08,11,0.68
2017-09-08,13,5.42
2017-09-08,13,6.9
2017-09-08,15,1.5
2017-09-11,13,3.2
2017-09-11,15,10.5
2017-09-11,14,11
2017-09-11,13,9.28
2017-09-11,15,1
2017-09-12,15,10
2017-09-12,14,6.56
2017-09-12,15,1.8
2017-09-12,13,10.6
2017-09-13,14,6.74
2017-09-13,13,9.26
2017-09-13,15,6
2017-09-13,15,10.5
2017-09-14,13,1.4
2017-09-14,14,10.4
2017-09-14,13,9.58
2017-09-14,15,8
2017-09-15,13,6.06
2017-09-15,14,5.86
2017-09-15,15,6.8
2017-09-18,15,10
2017-09-18,14,6.36
2017-09-18,13,11.4
2017-09-18,14,9.18
2017-09-18,13,6.1
2017-09-18,15,3.4
2017-09-19,14,9
2017-09-19,14,4.56
2017-09-19,13,11.02
2017-09-19,15,8
2017-09-19,13,6.92
2017-09-19,15,10
2017-09-20,14,8.52
2017-09-20,15,10.5
2017-09-20,13,10.08
2017-09-21,14,8.92
2017-09-21,15,5.5
2017-09-21,15,9.6
2017-09-21,13,9.96
2017-09-21,14,4.9
2017-09-22,14,9.94
2017-09-22,13,5.08
2017-09-22,11,6.4
2017-09-22,14,4.34
2017-09-22,15,10.2
2017-09-22,13,8.78
2017-09-22,15,9.5
2017-09-25,14,7.16
2017-09-25,14,9.6
2017-09-25,13,10.25
2017-09-25,13,8.3
2017-09-25,15,10
2017-09-25,15,7.8
2017-09-26,15,8.5
2017-09-26,15,2
2017-09-26,13,7.14
2017-09-26,13,5.16
2017-09-26,8,3.26
2017-09-26,14,9.76
2017-09-26,14,5.48
2017-09-27,13,10.74
2017-09-27,13,9.32
2017-09-27,15,10.5
2017-09-27,15,8
2017-09-27,8,11.54
2017-09-28,13,11.68
2017-09-28,13,8.02
2017-09-28,14,9.84
2017-09-28,15,10.5
2017-09-28,15,8.5
2017-09-28,8,9.72
2017-09-28,14,7.94
2017-09-28,8,3.8
2017-09-29,13,10.3
2017-09-29,13,11.66
2017-09-29,14,11.22
2017-10-02,15,10.44
2017-10-02,15,8.88
2017-10-02,14,9.86
2017-10-02,14,6.08
2017-10-02,4,0.92
2017-10-02,2,3.8
2017-10-02,15,2.74
2017-10-02,14,10.04
2017-10-02,,1.7
2017-10-02,,11.65
2017-10-03,13,11.38
2017-10-03,13,10.1
2017-10-03,13,6.508
2017-10-03,15,9.68
2017-10-03,15,5.44
2017-10-03,14,9.54
2017-10-03,8,6.78
2017-10-03,14,10.9
2017-10-04,13,10.14
2017-10-04,13,7.32
2017-10-04,15,9.84
2017-10-04,14,9.74
2017-10-05,13,11.66
2017-10-05,13,9.8
2017-10-05,15,9.72
2017-10-05,15,1.02
2017-10-05,14,7.96
2017-10-05,14,11.54
2017-10-06,13,11.86
2017-10-06,13,12.48
2017-10-06,14,7.96
2017-10-06,14,10.3
2017-10-06,15,10.3
2017-10-06,15,10
2017-10-09,14,6.96
2017-10-09,14,11.7
2017-10-09,14,4.84
2017-10-09,13,10.26
2017-10-09,13,12.12
2017-10-09,8,9.8
2017-10-09,8,9
2017-10-09,8,3.8
2017-10-10,14,10.98
2017-10-10,14,11.94
2017-10-10,13,10.4
2017-10-10,13,11.52
2017-10-10,15,9.28
2017-10-10,15,3.94
2017-10-11,14,10.44
2017-10-11,14,8.66
2017-10-11,13,10.16
2017-10-11,13,11.43
2017-10-11,15,10.18
2017-10-11,15,10.1
2017-10-11,15,6
2017-10-12,14,11.04
2017-10-12,14,9.92
2017-10-12,13,6.6
2017-10-12,13,11.56
2017-10-12,15,10.72
2017-10-12,15,9.8
2017-10-13,15,10.6
2017-10-13,15,10.85
2017-10-13,13,10.64
2017-10-13,13,11
2017-10-13,14,10.76
2017-10-13,14,8.96
2017-10-16,14,11.74
2017-10-16,14,9.9
2017-10-16,14,7.02
2017-10-16,15,10.4
2017-10-16,15,10.9
2017-10-16,15,9.4
2017-10-16,13,10.48
2017-10-16,13,12.94
2017-10-16,13,10.34
2017-10-17,,2.3
2017-10-17,14,9.64
2017-10-17,14,9.96
2017-10-17,14,2.88
2017-10-17,15,10.4
2017-10-17,15,10.2
2017-10-17,15,9.4
2017-10-17,13,11.56
2017-10-17,13,10.2
2017-10-17,13,12.52
2017-10-18,14,9.62
2017-10-18,14,4.56
2017-10-18,15,10
2017-10-18,15,6.2
2017-10-18,13,9.74
2017-10-18,13,7
2017-10-19,14,10.4
2017-10-19,14,10
2017-10-19,15,10.2
2017-10-19,15,10.6
2017-10-19,13,10.5
2017-10-19,13,4.66
2017-10-20,14,10.4
2017-10-20,14,11.24
2017-10-20,14,0.94
2017-10-20,15,11.3
2017-10-20,15,11.5
2017-10-20,15,3.4
2017-10-20,13,11.1
2017-10-20,13,11.38
2017-10-20,13,5.32
2017-10-23,24,1.22
2017-10-23,,7.85
2017-10-23,14,3.1
2017-10-23,15,9.74
2017-10-23,15,11
2017-10-23,15,3.08
2017-10-23,13,10.78
2017-10-23,13,11.96
2017-10-23,13,3.78
2017-10-24,15,8.88
2017-10-24,15,6.18
2017-10-24,14,9.9
2017-10-24,14,9.74
2017-10-24,14,3.64
2017-10-24,13,11.36
2017-10-24,13,11.52
2017-10-25,15,11.4
2017-10-25,15,10.04
2017-10-25,15,9.08
2017-10-25,14,9.7
2017-10-25,14,7.28
2017-10-25,13,9.32
2017-10-25,13,9.2
2017-10-26,14,9.6
2017-10-26,14,8.98
2017-10-26,15,10.34
2017-10-26,15,10.36
2017-10-26,13,9.84
2017-10-26,13,10.8
2017-10-27,15,9.54
2017-10-27,15,9.86
2017-10-27,15,1.94
2017-10-27,14,10.86
2017-10-27,14,12.14
2017-10-27,13,10.18
2017-10-27,13,10.78
2017-10-30,,11.55
2017-10-30,14,10.62
2017-10-30,14,10.72
2017-10-30,14,10.68
2017-10-30,14,3
2017-10-30,15,7.56
2017-10-30,13,11.1
2017-10-30,13,11.68
2017-10-30,13,6.84
2017-10-31,15,10.14
2017-10-31,15,10.05
2017-10-31,15,5.94
2017-10-31,14,10.94
2017-10-31,14,10.32
2017-10-31,13,10
2017-10-31,13,10.92
2017-10-31,13,9.06
2017-10-31,11,8.6
2017-11-01,14,3.16
2017-11-01,14,10.14
2017-11-01,15,9.88
2017-11-01,15,4.26
2017-11-01,13,9.14
2017-11-01,13,4.42
2017-11-02,15,10.56
2017-11-02,15,6.78
2017-11-02,14,10.28
2017-11-02,14,7.36
2017-11-02,13,10.46
2017-11-02,13,9.72
2017-11-02,,10.56
2017-11-02,,6.78
2017-11-03,14,11.26
2017-11-03,14,11.4
2017-11-03,15,11.12
2017-11-03,15,4.68
2017-11-03,13,10.7
2017-11-03,13,2.7
2017-11-03,13,12.46
2017-11-06,14,2.56
2017-11-06,17,11.1
2017-11-06,13,10.76
2017-11-06,13,10.68
2017-11-06,13,4.76
2017-11-06,15,10.7
2017-11-06,15,10.3
2017-11-06,15,3.3
2017-11-07,14,10.14
2017-11-07,14,11.2
2017-11-07,13,9.34
2017-11-07,13,9.54
2017-11-07,15,10.3
2017-11-07,15,9.7
2017-11-08,14,9.74
2017-11-08,14,7.68
2017-11-08,13,10.94
2017-11-08,13,4.14
2017-11-08,15,11.4
2017-11-08,15,11.6
2017-11-08,15,7
2017-11-09,14,10.5
2017-11-09,14,7.14
2017-11-09,15,11.16
2017-11-09,13,9.36
2017-11-09,15,10.5
2017-11-09,15,10.4
2017-11-10,14,10.1
2017-11-10,14,9.18
2017-11-10,13,12.16
2017-11-10,13,8.1
2017-11-10,15,10.6
2017-11-10,15,1
2017-11-13,,9.7
2017-11-13,13,12.48
2017-11-13,13,11.92
2017-11-13,13,3.38
2017-11-13,14,9.64
2017-11-13,14,9.48
2017-11-13,14,7.36
2017-11-13,15,5.2
2017-11-14,15,11.8
2017-11-14,15,10.6
2017-11-14,15,2.8
2017-11-14,14,10.48
2017-11-14,14,9.36
2017-11-14,25,2.75
2017-11-14,13,12.06
2017-11-14,13,9.4
2017-11-14,13,4.34
2017-11-15,15,
2017-11-15,13,10.9
2017-11-15,14,9.14
2017-11-15,14,4.24
2017-11-15,15,10.8
2017-11-16,15,10.4
2017-11-16,15,3.8
2017-11-16,14,10.18
2017-11-16,14,9.36
2017-11-16,13,10.25
2017-11-16,13,5.04
2017-11-17,14,10.48
2017-11-17,14,8.86
2017-11-17,13,10.58
2017-11-17,13,11.12
2017-11-17,11,10.99
2017-11-17,11,6.18
2017-11-20,,4.3
2017-11-20,14,8.12
2017-11-20,14,10.56
2017-11-20,15,10.4
2017-11-20,13,10.52
2017-11-20,13,10.84
2017-11-21,8,7.96
2017-11-21,15,9.82
2017-11-21,13,11.3
2017-11-21,13,9.52
2017-11-21,15,9.38
2017-11-21,14,1.18
2017-11-21,8,10.24
2017-11-21,8,2.38
2017-11-22,14,6.58
2017-11-22,8,7.24
2017-11-22,13,10.02
2017-11-22,13,6.6
2017-11-22,15,9.88
2017-11-22,15,10.08
2017-11-22,15,2.68
2017-11-23,13,9.84
2017-11-23,13,7.28
2017-11-23,15,9.94
2017-11-23,15,7.48
2017-11-23,14,9.68
2017-11-23,14,7.68
2017-11-24,15,9.72
2017-11-24,14,10.86
2017-11-24,14,8.18
2017-11-24,15,5.82
2017-11-24,13,10.68
2017-11-24,13,10.64
2017-11-27,15,10.02
2017-11-27,15,10.12
2017-11-27,15,1.04
2017-11-27,14,10.22
2017-11-27,14,10.32
2017-11-27,14,2.76
2017-11-27,13,11.98
2017-11-27,13,11.96
2017-11-28,15,9.98
2017-11-28,15,10.02
2017-11-28,15,2.72
2017-11-28,14,9.34
2017-11-28,14,10.76
2017-11-28,14,1.72
2017-11-28,13,10.44
2017-11-28,13,11.76
2017-11-29,14,9.82
2017-11-29,14,4.34
2017-11-29,13,11.72
2017-11-29,13,4.76
2017-11-29,15,8.98
2017-11-30,15,10.32
2017-11-30,15,4.76
2017-11-30,14,10.18
2017-11-30,14,8.12
2017-11-30,13,11.66
2017-11-30,13,5.96
2017-12-01,13,11.58
2017-12-01,13,9.46
2017-12-01,14,11.2
2017-12-01,14,10.18
2017-12-01,15,11.3
2017-12-01,15,7.68
2017-12-04,,5.7
2017-12-04,13,11.1
2017-12-04,13,7.54
2017-12-04,14,10.36
2017-12-04,14,5.32
2017-12-05,13,10.06
2017-12-05,13,3.32
2017-12-05,15,9.65
2017-12-05,15,5.38
2017-12-05,14,9.76
2017-12-05,14,8.48
2017-12-06,14,9.48
2017-12-06,14,6.42
2017-12-06,15,11.32
2017-12-06,15,10.04
2017-12-07,14,8.3
2017-12-07,14,9.22
2017-12-07,15,9.52
2017-12-07,15,6.88
2017-12-07,24,10.5
2017-12-07,24,5.1
2017-12-08,24,10.8
2017-12-08,24,5.1
2017-12-08,15,10.34
2017-12-08,15,4.49
2017-12-08,14,10.46
2017-12-08,14,6.1
2017-12-11,14,9.98
2017-12-11,14,10.38
2017-12-11,14,4.22
2017-12-11,13,10.64
2017-12-11,13,9.96
2017-12-11,13,3.88
2017-12-11,15,10.48
2017-12-11,15,10.6
2017-12-12,14,9.86
2017-12-12,14,10.38
2017-12-12,16,2.58
2017-12-12,15,9.52
2017-12-12,15,9.96
2017-12-12,13,10.7
2017-12-12,13,6.42
2017-12-12,13,6.99
2017-12-12,11,2.16
2017-12-13,14,10.48
2017-12-13,15,9.76
2017-12-13,15,3.6
2017-12-13,13,9.2
2017-12-13,13,4.9
2017-12-14,14,9.44
2017-12-14,14,6.92
2017-12-14,15,9.02
2017-12-14,15,3.54
2017-12-14,13,10.34
2017-12-14,13,4.92
2017-12-15,14,10.74
2017-12-15,14,8.34
2017-12-15,15,10.4
2017-12-15,15,5.48
2017-12-15,13,10.12
2017-12-15,13,6.94
2017-12-18,15,10.32
2017-12-18,15,8.38
2017-12-18,14,8.76
2017-12-18,14,8.78
2017-12-18,,9.8
2017-12-18,,7.4
2017-12-19,15,9.48
2017-12-19,15,5.66
2017-12-19,14,10.32
2017-12-19,14,7.34
2017-12-19,,9.5
2017-12-19,,6.3
2017-12-20,15,10.64
2017-12-20,15,10.66
2017-12-20,14,9.1
2017-12-20,14,5.74
2017-12-20,,9.9
2017-12-20,,2.8
2017-12-21,15,4.98
2017-12-21,14,10.1
2017-12-21,14,7.14
2017-12-21,,9.8
2017-12-21,,5.5
2017-12-22,15,9.58
2017-12-22,15,9.04
2017-12-22,14,10.54
2017-12-22,14,10.36
2017-12-22,8,9.44
2017-12-26,14,9.911
2017-12-26,14,7.48
2017-12-26,15,6.38
2017-12-26,15,7.04
2017-12-26,13,9.88
2017-12-26,13,6.78
2017-12-27,14,9.36
2017-12-27,14,4.14
2017-12-27,15,8.54
2017-12-27,15,3.26
2017-12-27,13,9.46
2017-12-27,13,6.62
2017-12-28,14,8.88
2017-12-28,15,9.22
2017-12-28,13,9.34
2017-12-29,13,8.6
2017-12-29,13,3.24
2017-12-29,14,10.34
2017-12-29,14,4.9
2017-12-29,15,9.78
2017-12-30,14,9.26
2017-12-30,14,3.26
2017-12-30,15,9.76
2017-12-30,15,1.94
2017-12-30,13,9.02
2017-12-30,13,8.44
2017-12-30,8,8.42
2018-01-02,14,9.52
2018-01-02,14,1.8
2018-01-02,13,8.18
2018-01-02,13,3.2
2018-01-02,15,7.38
2018-01-02,15,5.84
2018-01-03,18,7.52
2018-01-03,18,3.35
2018-01-03,15,7.16
2018-01-03,15,4.24
2018-01-03,13,8.02
2018-01-03,13,4.96
2018-01-04,13,7.52
2018-01-04,13,2.2
2018-01-04,15,8.42
2018-01-04,15,8.36
2018-01-04,14,8.5
2018-01-04,14,3.56
2018-01-05,15,7.84
2018-01-05,15,5.72
2018-01-05,14,9.2
2018-01-05,14,4.18
2018-01-05,18,7.16
2018-01-05,18,2.96
2018-01-06,15,8.62
2018-01-06,15,3.52
2018-01-06,13,5.5
2018-01-06,13,5.76
2018-01-06,14,6.6
2018-01-06,14,5.1
2018-01-08,15,6.08
2018-01-08,15,3.35
2018-01-08,14,9.02
2018-01-08,14,9.1
2018-01-08,13,6.9
2018-01-08,13,8.2
2018-01-09,13,7.5
2018-01-09,13,6
2018-01-09,18,8.5
2018-01-09,18,1.84
2018-01-09,14,9.16
2018-01-09,14,4.98
2018-01-10,15,6.78
2018-01-10,14,7.08
2018-01-11,15,6.32
2018-01-11,15,3.26
2018-01-11,14,6.82
2018-01-11,14,4.08
2018-01-12,15,7.16
2018-01-12,15,2.98
2018-01-12,14,7.82
2018-01-12,14,3.52
2018-01-12,18,8.54
2018-01-12,18,0.76
2018-01-15,14,8.56
2018-01-15,15,6.18
2018-01-15,13,4.68
2018-01-15,13,4.82
2018-01-15,15,4.38
2018-01-16,14,7.1
2018-01-16,13,7.78
2018-01-16,13,7.11
2018-01-16,14,3.06
2018-01-16,15,5.86
2018-01-16,15,3.78
2018-01-17,13,4.02
2018-01-17,13,6.3
2018-01-17,14,6.36
2018-01-17,14,1.94
2018-01-17,15,8.12
2018-01-17,15,4.12
2018-01-18,13,7.66
2018-01-18,13,2.44
2018-01-18,14,5.16
2018-01-18,14,3.2
2018-01-18,15,6.9
2018-01-18,15,2.56
2018-01-19,8,5.82
2018-01-19,15,6.22
2018-01-19,15,3.46
2018-01-19,13,4.42
2018-01-19,13,4.02
2018-01-22,13,7.46
2018-01-22,13,2.77
2018-01-22,15,5.04
2018-01-22,15,5.24
2018-01-22,14,8.52
2018-01-22,14,3.06
2018-01-23,13,7.48
2018-01-23,13,4.22
2018-01-23,14,7.22
2018-01-23,14,3.6
2018-01-23,15,6.36
2018-01-23,15,3.78
2018-01-24,15,6.46
2018-01-24,13,6.86
2018-01-24,14,6.8
2018-01-25,13,8.02
2018-01-25,14,5.16
2018-01-25,14,4.1
2018-01-25,15,5.8
2018-01-26,14,6.42
2018-01-26,14,0.9
2018-01-26,15,5.98
2018-01-26,15,0.82
2018-01-29,15,4.58
2018-01-29,15,3.2
2018-01-29,14,6.3
2018-01-30,15,7.68
2018-01-30,14,6.36
2018-01-30,14,2.8
2018-01-30,15,4
2018-01-31,15,6.66
2018-01-31,15,4.68
2018-01-31,14,4.16
2018-01-31,14,2.14
2018-02-01,15,4.92
2018-02-01,15,3.96
2018-02-01,14,6.48
2018-02-01,14,1.62
2018-02-02,15,6.36
2018-02-02,15,2.62
2018-02-02,14,5.68
2018-02-02,13,6
2018-02-02,13,3.38
2018-02-02,14,1.86
2018-02-05,13,6.48
2018-02-05,14,2.68
2018-02-05,14,7.26
2018-02-05,13,5.28
2018-02-05,15,5.8
2018-02-05,15,8.48
2018-02-06,,1.74
2018-02-06,13,7.58
2018-02-06,13,4.46
2018-02-06,14,7.2
2018-02-06,14,2
2018-02-06,15,6.22
2018-02-06,15,4.48
2018-02-07,15,7.44
2018-02-07,13,3.5
2018-02-07,13,4.1
2018-02-07,14,6.72
2018-02-07,15,3.16
2018-02-08,14,7.92
2018-02-08,13,7.46
2018-02-08,15,5.52
2018-02-08,15,3.46
2018-02-09,15,5.16
2018-02-09,15,4.12
2018-02-09,13,3.94
2018-02-09,13,7.2
2018-02-09,14,7.6
2018-02-09,14,1.86
2018-02-12,14,8.448
2018-02-12,14,1.4
2018-02-12,15,6.14
2018-02-12,15,5.9
2018-02-12,13,7.78
2018-02-12,13,1.98
2018-02-13,15,5.98
2018-02-13,15,4.46
2018-02-13,13,7.44
2018-02-13,13,1.6
2018-02-13,15,0.34
2018-02-13,14,7.4
2018-02-13,14,3.358
2018-02-14,15,8.06
2018-02-14,15,4.2
2018-02-14,14,7.88
2018-02-14,14,1.8
2018-02-14,13,7.86
2018-02-14,13,1.28
2018-02-15,15,4.98
2018-02-15,15,6.38
2018-02-15,13,7.1
2018-02-15,13,2.7
2018-02-15,14,6.22
2018-02-15,14,3.14
2018-02-16,13,4
2018-02-16,13,1.12
2018-02-16,15,6.89
2018-02-16,15,3.92
2018-02-16,14,7.8
2018-02-16,14,3.64
2018-02-19,14,7.4
2018-02-19,13,7.28
2018-02-19,13,6.98
2018-02-19,14,3.2
2018-02-20,15,6.24
2018-02-20,15,4.08
2018-02-20,13,7.52
2018-02-20,13,4.62
2018-02-20,14,7.86
2018-02-20,14,4.54
2018-02-21,14,6.56
2018-02-21,13,8.1
2018-02-21,15,6.7
2018-02-21,15,7.89
2018-02-21,15,1.98
2018-02-22,15,5.56
2018-02-22,15,1.52
2018-02-22,14,7
2018-02-22,13,4.3
2018-02-22,13,3.68
2018-02-22,14,2.66
2018-02-23,14,8.2
2018-02-23,14,1.28
2018-02-23,13,8.89
2018-02-23,13,2.7
2018-02-23,15,4.4
2018-02-23,15,4.54
2018-02-26,15,5.72
2018-02-26,15,3.7
2018-02-26,13,7.88
2018-02-26,14,7.68
2018-02-26,14,2.26
2018-02-27,15,5.54
2018-02-27,15,3.38
2018-02-27,13,6.42
2018-02-27,13,3.16
2018-02-27,14,6.06
2018-02-27,14,3.26
2018-02-28,15,7.06
2018-02-28,13,5.78
2018-02-28,13,1.2
2018-02-28,15,4.44
2018-02-28,14,5.44
2018-02-28,14,1.96
2018-03-01,15,5.36
2018-03-01,15,3.56
2018-03-01,13,7.14
2018-03-01,13,2.94
2018-03-01,14,4.8
2018-03-01,14,3.88
2018-03-02,14,7.18
2018-03-02,13,5.52
2018-03-02,13,5.09
2018-03-02,14,2.86
2018-03-02,15,6.18
2018-03-05,14,6.36
2018-03-05,14,5.98
2018-03-05,13,2.48
2018-03-05,13,7.84
2018-03-05,13,1.94
2018-03-05,15,5.19
2018-03-05,15,3.12
2018-03-06,13,7.72
2018-03-06,13,6.28
2018-03-06,15,5.5
2018-03-06,15,3.82
2018-03-06,14,6.76
2018-03-06,14,4.86
2018-03-07,13,2.16
2018-03-07,13,6
2018-03-07,15,6.8
2018-03-07,14,6.72
2018-03-08,13,7.08
2018-03-08,13,2.02
2018-03-08,14,7.02
2018-03-08,14,1.52
2018-03-08,15,4.26
2018-03-08,15,2.36
2018-03-09,13,7.62
2018-03-09,14,1.22
2018-03-09,13,5.74
2018-03-09,13,3.92
2018-03-09,15,4.38
2018-03-09,15,2.98
2018-03-12,13,6.98
2018-03-12,14,6.2
2018-03-13,13,6.92
2018-03-13,14,6.76
2018-03-13,14,2.06
2018-03-14,13,7
2018-03-15,13,6.6
2018-03-15,13,3.26
2018-03-15,14,4.4
2018-03-15,14,3.58
2018-03-16,14,6.42
2018-03-16,13,5.68
2018-03-16,13,3.88
2018-03-19,14,5.44
2018-03-19,14,3.82
2018-03-19,13,6.92
2018-03-19,13,2.95
2018-03-19,15,4.18
2018-03-19,15,3.52
2018-03-20,,6.28
2018-03-20,,2.32
2018-03-20,15,4.72
2018-03-20,15,4.12
2018-03-20,13,6.49
2018-03-20,13,4.82
2018-03-21,14,6.2
2018-03-21,15,5.54
2018-03-21,13,6.39
2018-03-22,14,4.7
2018-03-22,14,1.92
2018-03-22,15,4.46
2018-03-22,15,2.12
2018-03-22,13,4.28
2018-03-22,13,2.7
2018-03-23,14,5.24
2018-03-23,14,1.72
2018-03-23,13,5.02
2018-03-23,13,3.84
2018-03-23,15,4.64
2018-03-23,15,1.8
2018-03-26,14,6.18
2018-03-26,15,4.44
2018-03-26,,7.14
2018-03-26,15,2.88
2018-03-26,,7.14
2018-03-27,14,4.86
2018-03-27,14,3.22
2018-03-27,13,3.69
2018-03-27,15,5.42
2018-03-27,15,3.18
2018-03-27,13,3.69
2018-03-27,13,2.34
2018-03-27,13,2.34
2018-03-28,14,3.24
2018-03-28,14,0.94
2018-03-28,15,5.34
2018-03-28,15,4.24
2018-03-28,13,2.42
2018-03-28,13,2.92
2018-03-28,13,2.42
2018-03-28,13,2.92
2018-03-29,14,4.76
2018-03-29,13,6.96
2018-03-29,13,1.1
2018-03-29,14,1.98
2018-03-29,15,3.58
2018-03-29,15,3.46
2018-03-29,13,6.96
2018-03-29,13,1.1
2018-03-30,13,5.92
2018-03-30,14,4.46
2018-03-30,14,2.34
2018-03-30,15,4.72
2018-03-30,15,2.1
2018-03-30,13,5.92
2018-04-02,15,4.74
2018-04-02,15,6.14
2018-04-02,14,5.74
2018-04-02,14,5.18
2018-04-02,13,4.84
2018-04-02,13,4
2018-04-03,15,6.08
2018-04-03,15,3.48
2018-04-03,13,7.06
2018-04-03,13,4.19
2018-04-03,14,6.98
2018-04-03,14,3.28
2018-04-04,15,6.52
2018-04-04,13,6.72
2018-04-04,14,5.6
2018-04-04,14,0.74
2018-04-05,13,3.99
2018-04-05,13,5.3
2018-04-05,15,5.24
2018-04-05,15,2.3
2018-04-05,14,6.26
2018-04-05,14,1.24
2018-04-06,15,5.08
2018-04-06,15,2.7
2018-04-06,13,5.82
2018-04-06,13,4.9
2018-04-06,14,3.26
2018-04-06,14,3.96
2018-04-09,13,1.92
2018-04-09,13,7.92
2018-04-09,14,2.76
2018-04-09,14,6.26
2018-04-09,15,5.6
2018-04-09,15,4.38
2018-04-10,14,6.22
2018-04-10,14,4.86
2018-04-10,13,6.96
2018-04-10,15,5.9
2018-04-10,15,4.42
2018-04-11,13,5.92
2018-04-11,13,2.98
2018-04-11,14,6.34
2018-04-11,15,7.82
2018-04-11,15,4.62
2018-04-12,13,7.48
2018-04-12,13,2.2
2018-04-12,14,4.22
2018-04-12,14,4.14
2018-04-12,15,5.04
2018-04-12,15,3.88
2018-04-13,14,7.36
2018-04-13,15,6.4
2018-04-13,15,1.94
2018-04-13,15,6.94
2018-04-13,15,4.18
2018-04-16,14,6.12
2018-04-16,14,4.66
2018-04-16,15,5.2
2018-04-16,15,5.06
2018-04-16,13,7.95
2018-04-17,14,7.78
2018-04-17,14,3.2
2018-04-17,15,4.5
2018-04-17,15,4.38
2018-04-17,13,6.92
2018-04-17,13,3.96
2018-04-18,14,5.48
2018-04-18,15,4.02
2018-04-19,15,4.92
2018-04-19,15,1.62
2018-04-19,14,4.66
2018-04-19,14,4.2
2018-04-19,13,5.98
2018-04-19,13,1.82
2018-04-20,15,5.04
2018-04-20,15,1.88
2018-04-20,14,5.56
2018-04-20,14,1.72
2018-04-20,13,5
2018-04-20,13,3.79
2018-04-23,13,4.88
2018-04-23,13,3.96
2018-04-23,15,5.24
2018-04-23,15,4.58
2018-04-23,14,8.1
2018-04-24,13,6.99
2018-04-24,15,6.32
2018-04-24,15,4.42
2018-04-24,14,5.9
2018-04-24,14,7.42
2018-04-25,13,7
2018-04-25,13,1.48
2018-04-25,15,7.98
2018-04-25,15,4.72
2018-04-25,14,5.26
2018-04-26,13,6.2
2018-04-26,13,2.68
2018-04-26,15,4.78
2018-04-26,15,3.68
2018-04-26,14,5.62
2018-04-26,14,4.16
2018-04-27,13,0.38
2018-04-27,13,5.4
2018-04-27,14,6.34
2018-04-27,15,7.16
2018-04-27,15,4.58
2018-04-30,14,9.04
2018-04-30,14,8.36
2018-04-30,14,2.44
2018-04-30,15,7.12
2018-04-30,13,8.42
2018-04-30,15,8.1
2018-05-01,11,2.82
2018-05-01,15,8.52
2018-05-01,13,7.78
2018-05-01,15,5.6
2018-05-01,13,3.08
2018-05-01,13,3.6
2018-05-01,14,8.1
2018-05-01,14,5.02
2018-05-02,15,3.9
2018-05-02,13,4.48
2018-05-02,15,5.05
2018-05-02,14,6.54
2018-05-03,13,4.1
2018-05-03,13,4.2
2018-05-03,14,7.42
2018-05-03,14,4.6
2018-05-03,15,6.98
2018-05-04,15,8.7
2018-05-04,13,4.96
2018-05-04,13,5.84
2018-05-04,14,7.34
2018-05-04,14,1.64
2018-05-07,14,8.22
2018-05-07,13,7.84
2018-05-08,15,6.75
2018-05-08,15,3.3
2018-05-08,4,5.2
2018-05-08,14,8.04
2018-05-08,14,4.9
2018-05-09,20,1.02
2018-05-09,,7.3
2018-05-09,15,7.05
2018-05-09,14,6.18
2018-05-10,15,6.45
2018-05-10,13,5.98
2018-05-10,13,2.32
2018-05-10,14,5.76
2018-05-10,14,3.54
2018-05-11,14,4.98
2018-05-11,15,7.4
2018-05-11,15,0.82
2018-05-11,13,4.2
2018-05-11,13,3.98
2018-05-14,13,7.24
2018-05-14,15,4.88
2018-05-14,15,3.84
2018-05-14,14,5.1
2018-05-14,14,4.48
2018-05-15,15,4.7
2018-05-15,15,2.26
2018-05-15,13,6.98
2018-05-15,13,2.6
2018-05-15,14,7.9
2018-05-15,14,2.8
2018-05-16,15,5.2
2018-05-16,13,6.98
2018-05-16,14,2.42
2018-05-17,15,4.64
2018-05-17,15,1.16
2018-05-17,13,4.98
2018-05-17,13,1.28
2018-05-17,14,4.9
2018-05-17,14,2.92
2018-05-18,13,1.4
2018-05-18,11,2.1
2018-05-18,13,4.16
2018-05-18,16,2
2018-05-18,25,2.85
2018-05-18,14,2.14
2018-05-21,14,4.94
2018-05-21,15,2.94
2018-05-21,13,3.38
2018-05-21,15,2.48
2018-05-22,15,8.86
2018-05-22,13,9.3
2018-05-22,13,3.34
2018-05-22,15,2.28
2018-05-23,13,7.98
2018-05-23,13,2.28
2018-05-24,14,7.5
2018-05-24,13,2.98
2018-05-24,13,2.1
2018-05-24,15,2.9
2018-05-24,15,1.66
2018-05-25,15,8.12
2018-05-25,15,1.84
2018-05-28,13,6.48
2018-05-28,13,2.02
2018-05-28,14,8.6
2018-05-28,14,5.72
2018-05-28,15,7.3
2018-05-28,15,7.42
2018-05-29,14,8.54
2018-05-29,14,5.64
2018-05-29,13,9.02
2018-05-29,13,4.25
2018-05-29,15,5.88
2018-05-29,15,4.96
2018-05-30,13,7.9
2018-05-30,14,8.3
2018-05-30,15,4.68
2018-05-31,1,0.5
2018-05-31,15,7.42
2018-05-31,,4.44
2018-05-31,14,3.32
2018-05-31,13,7.44
2018-05-31,13,1.38
2018-06-01,14,5.56
2018-06-01,14,3.86
2018-06-01,15,4.98
2018-06-01,15,2.42
2018-06-04,,6.24
2018-06-04,,4.58
2018-06-04,14,7.7
2018-06-05,14,9.48
2018-06-05,14,4.62
2018-06-05,,7.62
2018-06-05,,6.36
2018-06-06,14,7.18
2018-06-06,,9.94
2018-06-06,,6.12
2018-06-07,14,7.16
2018-06-07,,8.2
2018-06-07,,3.6
2018-06-08,14,10.18
2018-06-08,,8.46
2018-06-08,,4.26
2018-06-11,14,7.3
2018-06-11,17,3.04
2018-06-11,,7.66
2018-06-11,,8.24
2018-06-12,13,8.88
2018-06-12,13,3.34
2018-06-12,14,8.8
2018-06-12,14,6.3
2018-06-12,,7.02
2018-06-12,,4.12
2018-06-13,14,7.38
2018-06-13,13,5.76
2018-06-13,,6.08
2018-06-14,17,3.48
2018-06-14,13,9.48
2018-06-14,13,2.88
2018-06-14,,7.9
2018-06-14,,2.22
2018-06-15,14,5.28
2018-06-15,14,3.22
2018-06-15,13,4.76
2018-06-15,13,3.43
2018-06-15,,3.82
2018-06-15,,2.38
2018-06-18,15,6.34
2018-06-18,13,3.96
2018-06-18,13,3.76
2018-06-18,14,5.9
2018-06-19,8,2.78
2018-06-19,,7.86
2018-06-19,,2.5
2018-06-19,14,1.82
2018-06-19,14,8.64
2018-06-20,14,4.8
2018-06-20,13,3.22
2018-06-20,13,2.86
2018-06-20,,5.56
2018-06-20,,3.22
2018-06-21,,5.48
2018-06-21,13,5.74
2018-06-21,13,4.78
2018-06-21,14,1.46
2018-06-21,,2.78
2018-06-21,17,1.78
2018-06-22,,6.56
2018-06-22,13,4.42
2018-06-22,13,2.78
2018-06-22,,3.38
2018-06-22,14,4.44
2018-06-23,8,5.36
2018-06-25,14,4.78
2018-06-25,,4.44
2018-06-25,,4.68
2018-06-25,14,3.68
2018-06-25,13,5.98
2018-06-26,14,7.76
2018-06-26,,4.3
2018-06-26,14,3.22
2018-06-26,13,5.88
2018-06-26,13,4.88
2018-06-27,14,5.88
2018-06-27,,4.28
2018-06-27,13,5.108
2018-06-28,17,2.22
2018-06-28,13,4.76
2018-06-28,,4.26
2018-06-28,,3.28
2018-06-28,13,3.56
2018-06-29,14,5.7
2018-06-29,14,2.8
2018-06-29,13,4.18
2018-06-29,,3.54
2018-06-29,,2.22
2018-06-29,13,3.6
2019-06-29,15,6.18
2019-06-29,15,7.5
2018-07-02,14,6.68
2018-07-02,13,9.48
2018-07-02,13,2.7
2018-07-02,14,2.3
2018-07-03,14,8.64
2018-07-03,,8.02
2018-07-03,,4.44
2018-07-03,14,5.02
2018-07-04,,5.04
2018-07-04,,3.68
2018-07-04,13,4.3
2018-07-04,14,6.1
2018-07-05,14,6.14
2018-07-05,,6.18
2018-07-05,,2.6
2018-07-05,,4.48
2018-07-05,,3.6
2018-07-05,13,1.58
2018-07-05,17,2.28
2018-07-05,14,4.12
2018-07-06,14,4.36
2018-07-06,13,0.592
2018-07-09,,3.3
2018-07-09,,3.88
2018-07-09,13,4.64
2018-07-09,14,5.48
2018-07-09,14,1.42
2018-07-10,14,4.42
2018-07-10,14,2.92
2018-07-10,,4.48
2018-07-10,,1
2018-07-10,14,5.64
2018-07-10,14,3.34
2018-07-11,13,4.66
2018-07-11,14,5.88
2018-07-11,1,2.5
2018-07-12,13,2.4
2018-07-12,13,1.06
2018-07-12,17,1.82
2018-07-12,,3.82
2018-07-12,,2.28
2018-07-13,13,7.96
2018-07-13,,5.72
2018-07-16,14,5.96
2018-07-16,13,7.28
2018-07-16,,5.46
2018-07-17,14,6.14
2018-07-17,14,1.84
2018-07-17,13,4.28
2018-07-17,13,1.64
2018-07-17,,4.34
2018-07-17,,2.12
2018-07-18,13,3.54
2018-07-18,13,1.12
2018-07-18,14,3.1
2018-07-18,,5.22
2018-07-18,,4.16
2018-07-19,13,6.7
2018-07-19,13,3.38
2018-07-19,,5.14
2018-07-19,,2.28
2018-07-20,14,3.26
2018-07-20,13,2.36
2018-07-20,13,2.38
2018-07-20,,4.58
2018-07-20,,3.06
2018-07-23,13,6.9
2018-07-23,,4.16
2018-07-23,,5.06
2018-07-23,14,6.36
2018-07-23,14,3.48
2018-07-24,,4.48
2018-07-24,13,8.35
2018-07-24,,2.56
2018-07-24,14,5.1
2018-07-24,14,4
2018-07-25,15,7.08
2018-07-25,13,6.42
2018-07-25,14,3.94
2018-07-26,,6.12
2018-07-26,13,7.28
2018-07-26,13,3.1
2018-07-26,,3.58
2018-07-26,17,1.18
2018-07-27,,3.74
2018-07-27,13,4.43
2018-07-27,,2.88
2018-07-27,14,8.22
2018-07-30,13,5.96
2018-07-30,14,4.76
2018-07-30,,5.28
2018-07-31,14,4.64
2018-07-31,14,3.9
2018-07-31,13,4.85
2018-07-31,,4.28
2018-07-31,,3.58
2018-08-01,14,4.34
2018-08-01,13,1.48
2018-08-01,13,3.32
2018-08-01,,3.68
2018-08-01,,2.6
2018-08-02,17,0.82
2018-08-02,14,1.88
2018-08-02,13,8
2018-08-02,13,1.52
2018-08-02,15,8
2018-08-03,13,7
2018-08-03,13,3.6
2018-08-03,,8.68
2018-08-03,,3.18
2018-08-06,,4.12
2018-08-06,,5.44
2018-08-06,14,5.6
2018-08-06,14,3.54
2018-08-06,13,7.96
2018-08-07,15,5.52
2018-08-07,15,3.16
2018-08-07,14,6.06
2018-08-07,14,4.94
2018-08-07,13,7.42
2018-08-08,15,5.8
2018-08-08,14,4.88
2018-08-08,13,8.2
2018-08-09,15,4.64
2018-08-09,15,1.9
2018-08-09,14,1.94
2018-08-09,17,0.64
2018-08-09,13,4.78
2018-08-09,13,4.92
2018-08-10,15,3.02
2018-08-10,15,2.38
2018-08-10,14,6.22
2018-08-10,13,7.96
2018-08-13,14,5.4
2018-08-13,13,7.34
2018-08-13,15,4.78
2018-08-14,14,6.22
2018-08-14,13,5.16
2018-08-14,14,2.42
2018-08-14,15,6.12
2018-08-14,15,1.08
2018-08-15,14,3.88
2018-08-15,15,5.38
2018-08-15,13,5.48
2018-08-15,13,0.82
2018-08-15,15,5.76
2018-08-16,14,2.42
2018-08-16,13,7.8
2018-08-16,,8.02
2018-08-16,17,1.06
2018-08-17,14,4.68
2018-08-17,13,4.66
2018-08-17,13,2.88
2018-08-17,,5.82
2018-08-17,,3.58
2018-08-20,14,6.58
2018-08-20,14,2.86
2018-08-20,15,5.06
2018-08-20,15,2.04
2018-08-20,13,6.4
2018-08-21,14,4.2
2018-08-21,14,4.2
2018-08-21,,4.22
2018-08-21,,1.92
2018-08-21,13,7.22
2018-08-22,14,8.62
2018-08-22,,7.98
2018-08-22,,4.86
2018-08-22,,3.84
2018-08-23,17,1.3
2018-08-23,13,5.26
2018-08-23,13,3.2
2018-08-24,14,4.46
2018-08-24,14,5.46
2018-08-24,,3.44
2018-08-24,,3
2018-08-24,13,7.14
2018-08-24,13,4.66
2018-08-27,,10.72
2018-08-27,,4.86
2018-08-27,14,10.6
2018-08-27,14,2.38
2018-08-27,13,11.3
2018-08-28,,7.77
2018-08-28,,3.78
2018-08-28,14,10.1
2018-08-28,14,4.6
2018-08-28,13,10.22
2018-08-29,14,7.56
2018-08-29,,9.4
2018-08-29,,6.34
2018-08-29,13,5.36
2018-08-29,13,6
2018-08-30,14,5.46
2018-08-30,,9.86
2018-08-30,,3.32
2018-08-30,17,3.24
2018-08-30,13,9.62
2018-08-30,13,3.86
2018-08-31,,8.26
2018-08-31,,4.54
2018-08-31,14,8.68
2018-08-31,13,8.86
2018-08-31,13,5.08
2018-09-03,14,9.46
2018-09-03,14,8.6
2018-09-03,,6.02
2018-09-03,13,10.08
2018-09-03,13,3.88
2018-09-03,,7.14
2018-09-03,13,11.26
2018-09-04,14,8.3
2018-09-04,13,10.8
2018-09-04,13,6.68
2018-09-04,14,6.54
2018-09-04,,8.72
2018-09-04,,6.52
2018-09-05,14,9.38
2018-09-05,13,10.85
2018-09-05,13,4.29
2018-09-05,14,4.02
2018-09-06,14,9.82
2018-09-06,14,5.44
2018-09-06,13,9.6
2018-09-06,13,3.96
2018-09-06,,7.74
2018-09-06,,2.24
2018-09-07,,8.4
2018-09-07,13,10.9
2018-09-07,13,8.32
2018-09-07,,6.46
2018-09-10,13,9.56
2018-09-10,14,3.96
2018-09-10,13,4.48
2018-09-10,14,7.52
2018-09-10,,6.46
2018-09-10,,6.56
2018-09-11,,6.68
2018-09-11,13,9.6
2018-09-11,14,7.46
2018-09-11,14,5.3
2018-09-11,,4.38
2018-09-12,,10.68
2018-09-12,13,4.86
2018-09-12,14,9.85
2018-09-12,13,6.54
2018-09-12,,8.02
2018-09-13,,8.12
2018-09-13,13,8.95
2018-09-13,13,5.185
2018-09-13,14,6.82
2018-09-13,,5.1
2018-09-14,,8.68
2018-09-14,13,11.22
2018-09-14,13,8.76
2018-09-14,,10.84
2018-09-17,15,7.9
2018-09-17,15,7.8
2018-09-17,13,10.28
2018-09-17,13,1
2018-09-17,14,9.28
2018-09-17,14,7.96
2018-09-18,13,10.78
2018-09-18,13,5.42
2018-09-18,,10.64
2018-09-18,,8.78
2018-09-18,14,10.1
2018-09-18,14,7.74
2018-09-19,13,10.54
2018-09-19,13,2.46
2018-09-19,14,7.78
2018-09-19,,8.38
2018-09-19,,2.12
2018-09-20,13,9.94
2018-09-20,13,6.5
2018-09-20,14,8.7
2018-09-20,,69.84
2018-09-20,,4.2
2018-09-21,13,8.46
2018-09-21,13,8.16
2018-09-21,,9.84
2018-09-21,14,4.66
2018-09-21,,8.06
2018-09-21,,7.58
2018-09-24,14,10.2
2018-09-24,14,6.96
2018-09-24,,8.44
2018-09-24,13,10.5
2018-09-24,13,6.04
2018-09-24,,7.74
2018-09-25,14,10
2018-09-25,14,7.12
2018-09-25,,6.88
2018-09-25,,5.3
2018-09-26,14,10.18
2018-09-26,,9.94
2018-09-26,13,6.02
2018-09-26,13,8.28
2018-09-26,,10.58
2018-09-27,14,9.96
2018-09-27,,8.9
2018-09-27,13,8.36
2018-09-27,13,8.68
2018-09-27,,6
2018-09-28,,9.82
2018-09-28,,8.38
2018-09-28,13,10.7
2018-09-28,13,10.42
2018-10-01,,8.48
2018-10-01,,10.42
2018-10-01,,5.18
2018-10-01,13,10.06
2018-10-01,13,7.52
2018-10-01,14,9.88
2018-10-01,14,9.78
2018-10-01,14,1.75
2018-10-02,,9.64
2018-10-02,,9.62
2018-10-02,,2.26
2018-10-02,13,10.86
2018-10-02,13,10.04
2018-10-02,13,6.08
2018-10-02,14,9.86
2018-10-02,14,9.9
2018-10-03,,9.88
2018-10-03,,1.36
2018-10-03,14,9.82
2018-10-03,13,9
2018-10-03,13,9.26
2018-10-04,,8.6
2018-10-04,,7.38
2018-10-04,14,10.68
2018-10-04,13,10.24
2018-10-04,13,9.3
2018-10-05,,10.08
2018-10-05,,10.96
2018-10-05,14,10.2
2018-10-05,13,10.46
2018-10-05,13,10.23
2018-10-08,13,10.46
2018-10-08,13,9.52
2018-10-08,13,10.68
2018-10-08,,10.12
2018-10-08,22,6.48
2018-10-08,,10.32
2018-10-08,,3.78
2018-10-09,,6.68
2018-10-09,,8.26
2018-10-09,13,7.68
2018-10-09,13,9.22
2018-10-09,14,10.2
2018-10-09,14,10.3
2018-10-10,,10.7
2018-10-10,,7.32
2018-10-10,,3.06
2018-10-10,13,10.28
2018-10-10,13,6.28
2018-10-10,14,10.34
2018-10-10,14,1.14
2018-10-11,,9.14
2018-10-11,,5.68
2018-10-11,13,10.12
2018-10-11,13,9.12
2018-10-11,14,8.06
2018-10-11,14,2.02
2018-10-11,17,2.62
2018-10-12,13,10.32
2018-10-12,13,10.3
2018-10-12,14,10.02
2018-10-12,14,2.01
2018-10-12,,10.2
2018-10-12,,9.56
2018-10-15,14,10.02
2018-10-15,14,9.82
2018-10-15,14,8.5
2018-10-15,13,10.1
2018-10-15,13,10.24
2018-10-15,13,4.97
2018-10-15,,9.82
2018-10-15,,3.72
2018-10-16,14,10.1
2018-10-16,14,10.08
2018-10-16,,10.25
2018-10-16,,10.3
2018-10-16,,2.6
2018-10-16,13,10
2018-10-16,13,10.2
2018-10-16,13,6.66
2018-10-16,16,1.15
2018-10-16,13,10.26
2018-10-16,13,4.94
2018-10-17,14,10.32
2018-10-17,15,9.16
2018-10-17,15,4.72
2018-10-17,13,9.68
2018-10-17,13,7.92
2018-10-18,14,10.1
2018-10-18,14,7.36
2018-10-18,13,10.2
2018-10-18,13,10.1
2018-10-18,15,9.44
2018-10-18,15,6.86
2018-10-19,17,2.641
2018-10-19,11,0.66
2018-10-19,16,1.02
2018-10-19,14,8.5
2018-10-19,14,10.14
2018-10-19,22,0.9
2018-10-19,15,9.22
2018-10-19,15,10.08
2018-10-22,2,2.5
2018-10-22,14,7.54
2018-10-22,14,10.02
2018-10-22,14,4.42
2018-10-22,13,10.78
2018-10-22,13,10.56
2018-10-22,15,10.3
2018-10-22,15,10.34
2018-10-22,15,1.88
2018-10-22,13,6.54
2018-10-23,15,8.74
2018-10-23,15,9.74
2018-10-23,13,10
2018-10-23,13,10.68
2018-10-23,14,10
2018-10-23,14,9.9
2018-10-24,15,9.74
2018-10-24,15,10.76
2018-10-24,15,4.64
2018-10-24,15,9.74
2018-10-24,15,10.76
2018-10-24,15,4.64
2018-10-24,13,10.16
2018-10-24,13,10.34
2018-10-24,14,10.16
2018-10-24,14,8.68
2018-10-25,14,10.1
2018-10-25,14,9.52
2018-10-25,13,10.12
2018-10-25,13,9.96
2018-10-25,15,10.04
2018-10-25,15,8.58
2018-10-26,13,10.1
2018-10-26,13,10.16
2018-10-26,15,10.36
2018-10-26,15,7.36
2018-10-26,14,10.26
2018-10-26,14,9.1
2018-10-29,14,10.1
2018-10-29,14,10.04
2018-10-29,14,6.84
2018-10-29,15,9.46
2018-10-29,15,9.3
2018-10-29,15,5.12
2018-10-29,13,10.98
2018-10-29,13,10.16
2018-10-29,13,10.98
2018-10-30,8,10.44
2018-10-30,8,8.96
2018-10-30,16,1.86
2018-10-30,15,9.72
2018-10-30,15,9.96
2018-10-30,15,3.18
2018-10-30,13,10.38
2018-10-30,13,10.46
2018-10-30,13,10.38
2018-10-31,14,9.84
2018-10-31,13,9.52
2018-10-31,13,8
2018-10-31,15,7.6
2018-10-31,15,5.42
2018-11-01,8,3.9
2018-11-01,15,9.94
2018-11-01,15,5.94
2018-11-01,14,9.98
2018-11-01,14,8.28
2018-11-01,13,10.1
2018-11-01,13,9.46
2018-11-02,13,10.48
2018-11-02,13,10.3
2018-11-02,13,1.7
2018-11-02,14,10.32
2018-11-02,14,10.72
2018-11-02,15,9.42
2018-11-02,15,10.04
2018-11-02,15,0.52
2018-11-05,14,9.9
2018-11-05,14,10.14
2018-11-05,15,9.16
2018-11-05,15,8.68
2018-11-05,13,10.38
2018-11-05,13,9.9
2018-11-06,14,10.46
2018-11-06,15,8.68
2018-11-06,14,10.44
2018-11-06,13,10.28
2018-11-06,13,6.8
2018-11-07,15,9.84
2018-11-07,15,9.4
2018-11-07,14,9.7
2018-11-07,13,10.06
2018-11-07,13,4.82
2018-11-07,14,2.72
2018-11-07,8,7.6
2018-11-08,15,9.92
2018-11-08,14,9.86
2018-11-08,14,5.5
2018-11-08,13,10.3
2018-11-08,13,10.4
2018-11-08,15,3.04
2018-11-09,14,10.26
2018-11-09,14,6.2
2018-11-09,13,10.5
2018-11-09,13,8.7
2018-11-12,15,6.12
2018-11-12,15,9.22
2018-11-12,14,9.82
2018-11-12,14,9.32
2018-11-12,14,5.42
2018-11-12,13,10.28
2018-11-12,13,10.1
2018-11-12,13,10.68
2018-11-13,15,10
2018-11-13,15,9.94
2018-11-13,14,9.64
2018-11-13,14,10.18
2018-11-13,13,10.1
2018-11-13,13,10.34
2018-11-13,13,7.42
2018-11-14,15,7.8
2018-11-14,15,5.7
2018-11-14,14,9.26
2018-11-14,13,7.2
2018-11-14,13,4.76
2018-11-15,15,4
2018-11-15,15,8.74
2018-11-15,14,9.8
2018-11-15,14,5.9
2018-11-15,13,10.48
2018-11-15,13,4.98
2018-11-16,14,9.58
2018-11-16,14,4.72
2018-11-16,13,10
2018-11-16,13,10.2
2018-11-16,15,9.5
2018-11-16,15,3.5
2018-11-19,15,8.8
2018-11-19,15,9.3
2018-11-19,13,10.54
2018-11-19,13,10.5
2018-11-19,14,9.98
2018-11-19,14,9.28
2018-11-20,14,10.4
2018-11-20,13,9.6
2018-11-20,,8.34
2018-11-20,,8.24
2018-11-20,14,10.04
2018-11-20,14,9.1
2018-11-21,13,8.98
2018-11-21,13,7.62
2018-11-21,15,10.36
2018-11-21,15,10.24
2018-11-21,14,9.3
2018-11-21,14,3.92
2018-11-22,13,9.3
2018-11-22,13,8.14
2018-11-22,15,9.74
2018-11-22,15,6.84
2018-11-22,14,9.22
2018-11-22,14,5.8
2018-11-23,13,9.42
2018-11-23,13,7.76
2018-11-23,14,10.06
2018-11-23,14,3.84
2018-11-23,15,9.3
2018-11-23,15,6.46
2018-11-26,13,10.66
2018-11-26,13,10.56
2018-11-26,14,9.42
2018-11-26,14,8.54
2018-11-26,,8.02
2018-11-26,,8.02
2018-11-27,13,10.5
2018-11-27,13,9.56
2018-11-27,14,9.74
2018-11-27,14,7.82
2018-11-27,15,10.12
2018-11-27,14,7.02
2018-11-28,14,8.76
2018-11-28,15,6.12
2018-11-28,15,4.62
2018-11-28,13,6.68
2018-11-28,13,4.78
2018-11-29,14,9.92
2018-11-29,14,2.9
2018-11-29,13,9.72
2018-11-29,13,4.22
2018-11-29,15,7.44
2018-11-29,15,3.72
2018-11-30,14,9.8
2018-11-30,14,4.58
2018-11-30,13,9.64
2018-11-30,13,7.56
2018-11-30,15,9.08
2018-11-30,15,5.84
2018-12-03,14,9.46
2018-12-03,14,4.82
2018-12-03,13,10.56
2018-12-03,13,4.56
2018-12-03,15,9.52
2018-12-03,15,6.08
2018-12-04,14,9.24
2018-12-04,14,7.56
2018-12-04,13,8.5
2018-12-04,13,6.08
2018-12-04,15,7.56
2018-12-04,15,5.06
2018-12-05,8,9.8
2018-12-05,13,7.18
2018-12-05,13,9.52
2018-12-05,15,10.48
2018-12-05,15,9.14
2018-12-06,14,10.24
2018-12-06,15,9.42
2018-12-06,15,6.98
2018-12-06,8,9.2
2018-12-06,8,7.22
2018-12-06,11,1.36
2018-12-07,13,9.88
2018-12-07,13,2.82
2018-12-07,15,9.4
2018-12-07,15,4.82
2018-12-07,8,8.7
2018-12-07,8,0.62
2018-12-10,11,2.94
2018-12-10,14,4.52
2018-12-10,15,8.44
2018-12-10,15,10.74
2018-12-10,15,2.36
2018-12-10,8,3.4
2018-12-10,22,2.7
2018-12-10,24,1.3
2018-12-11,13,9.7
2018-12-11,13,9.5
2018-12-11,8,3.45
2018-12-11,24,1.1
2018-12-11,,10.7
2018-12-11,,8.893
2018-12-12,13,6.26
2018-12-12,13,5.34
2018-12-12,14,8.56
2018-12-12,14,0.56
2018-12-12,8,2.34
2018-12-13,13,10.08
2018-12-13,24,10.49
2018-12-13,24,4.5
2018-12-14,15,9.44
2018-12-14,15,5.02
2018-12-17,13,7.76
2018-12-17,13,6.76
2018-12-17,15,9.28
2018-12-17,15,6.7
2018-12-17,14,10.2
2018-12-17,14,4.14
2018-12-18,14,8.92
2018-12-18,14,7.82
2018-12-18,15,10.1
2018-12-18,15,6.84
2018-12-18,13,10.2
2018-12-18,13,3.04
2018-12-18,14,8.1
2018-12-18,14,3.32
2018-12-19,13,10.1
2018-12-19,13,7.6
2018-12-19,,10.28
2018-12-19,,10.2
2018-12-20,14,9.44
2018-12-20,14,3.88
2018-12-20,15,10.16
2018-12-20,15,5.62
2018-12-20,13,10.46
2018-12-20,13,6.72
2018-12-21,14,8.74
2018-12-21,14,6.04
2018-12-21,13,10.68
2018-12-21,13,6.5
2018-12-21,15,9.46
2018-12-21,15,9.46
2018-12-21,15,5
2018-12-21,13,10.728
2018-12-21,13,6.4
2018-12-24,14,9.7
2018-12-24,14,9.84
2018-12-24,14,5.12
2018-12-24,13,10.906
2018-12-24,15,10.28
2018-12-24,15,7.44
2018-12-26,14,9.6
2018-12-26,14,9.12
2018-12-26,15,6.28
2018-12-26,15,5
2018-12-26,20,1.5
2018-12-27,13,9.38
2018-12-27,13,6.08
2018-12-27,14,10.14
2018-12-27,15,6.5
2018-12-27,15,3.88
2018-12-28,13,10.76
2018-12-28,14,9.66
2018-12-28,14,4.9
2018-12-28,15,8.98
2018-12-28,15,4.26
2018-12-28,13,5.18
2018-12-29,13,10.52
2018-12-29,13,10.74
2018-12-29,13,10.62
2018-12-29,13,9.98
2018-12-29,14,10
2018-12-29,14,7.9
2018-12-29,15,9.76
2018-12-29,15,7.74
2018-12-31,15,10.22
2018-12-31,15,10.26
2018-12-31,14,10.04
2018-12-31,14,10.1
2018-12-31,14,3.6
2018-12-31,13,5.58
2018-12-31,13,7.02
2018-12-31,1,4
2019-01-02,15,7.76
2019-01-02,15,6.88
2019-01-02,14,10
2019-01-02,14,7.3
2019-01-02,13,8.58
2019-01-02,13,6.12
2019-01-03,15,10.12
2019-01-03,15,10.44
2019-01-03,14,8.24
2019-01-03,14,7.52
2019-01-03,13,10.58
2019-01-03,13,7.88
2019-01-04,13,8
2019-01-04,13,1.66
2019-01-04,20,2.278
2019-01-04,15,9.72
2019-01-04,15,9.24
2019-01-04,8,0.06
2019-01-04,14,10.04
2019-01-04,13,9.28
2019-01-04,13,3.62
2019-01-04,24,1
2019-01-05,15,9.64
2019-01-05,15,5.28
2019-01-05,14,10.08
2019-01-05,14,9.98
2019-01-05,13,10.42
2019-01-05,13,6.56
2019-01-07,15,1
2019-01-07,15,6.78
2019-01-07,14,9.98
2019-01-07,14,10.02
2019-01-07,14,2.06
2019-01-07,13,10.45
2019-01-07,13,9.64
2019-01-07,13,2.08
2019-01-08,15,10.34
2019-01-08,15,10.08
2019-01-08,15,1.02
2019-01-08,14,10.26
2019-01-08,14,10.44
2019-01-08,13,10.7
2019-01-08,13,10.9
2019-01-09,15,6.04
2019-01-09,15,4.78
2019-01-09,14,8.3
2019-01-09,13,6.98
2019-01-09,13,5.14
2019-01-10,15,8.02
2019-01-10,15,3.06
2019-01-10,14,9.44
2019-01-10,14,6.76
2019-01-10,13,9.646
2019-01-10,13,4.82
2019-01-11,15,8.32
2019-01-11,15,6.66
2019-01-11,14,10.18
2019-01-11,14,5.56
2019-01-11,13,10.38
2019-01-11,13,8.14
2019-01-12,13,6.96
2019-01-12,13,3.4
2019-01-14,15,10.28
2019-01-14,15,7.48
2019-01-14,14,10.22
2019-01-14,14,6.58
2019-01-14,13,9.48
2019-01-14,13,7.58
2019-01-15,15,6.9
2019-01-15,15,3.98
2019-01-15,13,7.82
2019-01-15,13,4.48
2019-01-15,14,9.52
2019-01-15,14,4.46
2019-01-15,24,4.14
2019-01-16,15,3.76
2019-01-16,14,8.16
2019-01-16,14,5.48
2019-01-16,13,6.32
2019-01-16,13,7.2
2019-01-17,15,8.34
2019-01-17,21,8.26
2019-01-17,15,4.92
2019-01-17,13,7.18
2019-01-17,13,5
2019-01-18,15,8.06
2019-01-18,15,5
2019-01-18,14,10.16
2019-01-21,14,9.34
2019-01-21,14,10.18
2019-01-22,14,8.98
2019-01-22,14,4.9
2019-01-23,15,4.5
2019-01-23,15,1.6
2019-01-23,14,7.22
2019-01-24,15,8.22
2019-01-24,15,6.86
2019-01-24,15,5.9
2019-01-24,15,1.38
2019-01-24,14,7.82
2019-01-24,14,2.66
2019-01-25,15,7.52
2019-01-25,14,6.24
2019-01-25,8,3.78
2019-01-28,15,9.52
2019-01-28,15,2.86
2019-01-28,14,3.74
2019-01-28,14,6.74
2019-01-29,15,5.62
2019-01-29,15,4.68
2019-01-29,14,7.72
2019-01-30,15,8.3
2019-01-30,15,6.06
2019-01-30,14,7.86
2019-01-31,15,6.78
2019-01-31,15,2.88
2019-01-31,14,6.68
2019-01-31,14,6.68
2019-01-31,14,2.76
2019-02-01,22,0.2
2019-02-01,13,8.06
2019-02-01,13,3.88
2019-02-01,14,2.84
2019-02-01,14,2.32
2019-02-01,15,7.9
2019-02-01,15,3.72
2019-02-04,15,5.82
2019-02-04,15,5.06
2019-02-04,14,7.84
2019-02-04,14,5.08
2019-02-05,14,7.5
2019-02-05,14,3.9
2019-02-05,13,7.84
2019-02-05,13,7.78
2019-02-06,15,6.08
2019-02-06,13,6.7
2019-02-06,13,7.4
2019-02-06,13,2.24
2019-02-07,15,4.94
2019-02-07,15,1.38
2019-02-07,14,7.24
2019-02-07,14,2.28
2019-02-07,13,6.32
2019-02-07,13,2
2019-02-08,15,6.46
2019-02-08,15,2.14
2019-02-08,13,7.608
2019-02-08,13,3.36
2019-02-08,13,7.08
2019-02-08,14,2.38
2019-02-11,13,6.68
2019-02-11,13,4.78
2019-02-11,14,9.16
2019-02-11,14,1.76
2019-02-11,15,7.84
2019-02-11,15,4.42
2019-02-12,14,7
2019-02-12,14,3.86
2019-02-12,15,6.32
2019-02-12,15,4.34
2019-02-13,14,6.24
2019-02-13,13,8.22
2019-02-13,13,1.2
2019-02-13,15,7.92
2019-02-13,15,5.98
2019-02-14,13,7.1
2019-02-14,13,3
2019-02-14,14,6.92
2019-02-14,14,1.9
2019-02-14,15,6.98
2019-02-14,15,2.34
2019-02-15,15,6.64
2019-02-15,15,3.34
2019-02-15,13,7
2019-02-15,13,2.8
2019-02-15,14,6.94
2019-02-18,13,6.86
2019-02-18,13,7.68
2019-02-18,14,7.26
2019-02-18,14,3.62
2019-02-18,15,5.72
2019-02-18,15,6.04
2019-02-19,13,8.26
2019-02-19,13,6.86
2019-02-19,15,6.34
2019-02-19,15,4.22
2019-02-19,14,5.02
2019-02-19,14,7.24
2019-02-20,13,5.88
2019-02-20,13,3.38
2019-02-20,14,6.2
2019-02-20,15,5.12
2019-02-20,15,3.16
2019-02-21,13,7.02
2019-02-21,13,5.66
2019-02-21,15,6.18
2019-02-21,15,1.78
2019-02-22,13,7.14
2019-02-22,13,5.16
2019-02-22,14,7.66
2019-02-22,15,5.98
2019-02-22,15,2.88
2019-02-25,15,5.94
2019-02-25,15,3.82
2019-02-25,14,9.7
2019-02-25,14,0.6
2019-02-25,13,6.1
2019-02-25,13,4.1
2019-02-26,15,5.66
2019-02-26,15,3.66
2019-02-26,14,6.5
2019-02-26,14,2.54
2019-02-26,14,6
2019-02-26,13,3.3
2019-02-27,14,5.24
2019-02-27,15,6.32
2019-02-27,15,4.68
2019-02-27,13,5.7
2019-02-27,13,4.02
2019-02-28,15,7.6
2019-02-28,15,3.12
2019-02-28,14,3.22
2019-02-28,13,8.1
2019-02-28,13,4.5
2019-03-01,15,5.62
2019-03-01,15,3.44
2019-03-01,14,8.3
2019-03-01,14,1.38
2019-03-01,13,3.38
2019-03-04,15,4.32
2019-03-04,15,5.3
2019-03-04,14,7.22
2019-03-04,13,7.03
2019-03-04,13,2.14
2019-03-05,13,6.68
2019-03-05,13,5.56
2019-03-05,14,5.96
2019-03-05,14,0.62
2019-03-05,15,4.34
2019-03-05,15,4.48
2019-03-06,13,6.42
2019-03-06,15,6.12
2019-03-06,25,4.56
2019-03-07,15,3.46
2019-03-07,15,1.36
2019-03-07,14,4.04
2019-03-07,14,2.72
2019-03-07,13,4.44
2019-03-07,13,1.1
2019-03-08,14,7.48
2019-03-08,14,1.78
2019-03-08,15,5.74
2019-03-08,15,1.76
2019-03-08,13,3.56
2019-03-11,15,6.7
2019-03-11,15,2.22
2019-03-11,14,5.9
2019-03-11,13,4.52
2019-03-11,13,5.9
2019-03-12,15,5.38
2019-03-12,15,3.46
2019-03-12,14,7.06
2019-03-12,14,4.07
2019-03-12,13,5.7
2019-03-13,15,5.98
2019-03-13,15,4.76
2019-03-13,14,5.28
2019-03-13,13,7.14
2019-03-13,13,0.9
2019-03-14,15,6.22
2019-03-14,15,2.36
2019-03-14,13,5.32
2019-03-14,13,3.6
2019-03-14,14,6.02
2019-03-14,14,1.83
2019-03-15,15,6.32
2019-03-15,15,4.02
2019-03-15,,2.26
2019-03-15,13,6.9
2019-03-15,13,3.6
2019-03-18,,4.26
2019-03-18,,7.36
2019-03-18,,1.16
2019-03-18,15,5.6
2019-03-18,15,5.58
2019-03-18,13,7.4
2019-03-18,13,2.38
2019-03-19,14,6.42
2019-03-19,14,2.84
2019-03-19,15,5.44
2019-03-19,15,4.22
2019-03-19,13,7.38
2019-03-19,13,6.1
2019-03-20,15,5.22
2019-03-20,14,7.14
2019-03-20,17,0.64
2019-03-20,13,7.46
2019-03-21,14,7.36
2019-03-21,15,5.26
2019-03-21,15,3.32
2019-03-21,13,5.72
2019-03-21,13,3.16
2019-03-22,14,7.14
2019-03-22,15,5.42
2019-03-22,15,2.98
2019-03-22,13,6.54
2019-03-22,13,5
2019-03-25,,5.84
2019-03-25,,3.58
2019-03-25,14,3.34
2019-03-25,14,7.94
2019-03-25,13,6
2019-03-25,13,4
2019-03-26,15,5.24
2019-03-26,15,4.3
2019-03-26,14,4.88
2019-03-26,14,3.22
2019-03-26,14,4.88
2019-03-26,13,5.5
2019-03-26,13,2.46
2019-03-27,15,6.22
2019-03-27,15,4.64
2019-03-27,14,6.66
2019-03-27,14,6.18
2019-03-27,13,4
2019-03-27,13,4.88
2019-03-28,14,6.58
2019-03-28,15,6.8
2019-03-28,15,1.24
2019-03-28,13,7.44
2019-03-28,13,2.4
2019-03-29,15,5.86
2019-03-29,15,3.24
2019-03-29,13,4.6
2019-03-29,13,3.66
2019-04-01,14,7.56
2019-04-01,14,3.16
2019-04-01,13,5.2
2019-04-01,15,4.66
2019-04-01,15,4.38
2019-04-01,2,5.5
2019-04-02,15,6.8
2019-04-02,15,2.64
2019-04-02,11,0.84
2019-04-02,,0.58
2019-04-02,14,9.26
2019-04-02,13,6.54
2019-04-02,13,4.7
2019-04-03,14,6.84
2019-04-03,13,7.02
2019-04-03,15,5.6
2019-04-04,13,3.36
2019-04-04,13,2.64
2019-04-04,15,4.08
2019-04-04,15,2.18
2019-04-04,8,6.94
2019-04-05,17,3.32
2019-04-05,14,3.36
2019-04-05,13,8.22
2019-04-05,13,1
2019-04-05,15,5.84
2019-04-05,15,0.88
2019-04-08,14,3.48
2019-04-08,14,6.68
2019-04-08,13,7.98
2019-04-08,15,7.04
2019-04-08,15,2.4
2019-04-09,14,7.02
2019-04-09,14,3.28
2019-04-09,13,4.6
2019-04-09,13,4.22
2019-04-09,15,5.86
2019-04-09,15,3.3
2019-04-10,13,6.3
2019-04-10,13,3.16
2019-04-10,8,3.54
2019-04-10,15,6.84
2019-04-10,15,4.04
2019-04-11,13,6.7
2019-04-11,13,3.92
2019-04-11,20,1.18
2019-04-11,15,7.08
2019-04-11,15,4.04
2019-04-11,11,1.56
2019-04-12,14,5.94
2019-04-12,14,2.14
2019-04-12,13,3.5
2019-04-12,15,3.86
2019-04-12,15,3.34
2019-04-15,14,5.88
2019-04-15,14,5.66
2019-04-15,15,6.32
2019-04-15,15,4.54
2019-04-15,13,8.32
2019-04-15,13,3.8
2019-04-16,14,7.18
2019-04-16,14,4.22
2019-04-16,15,6.14
2019-04-16,15,4.16
2019-04-16,13,6.92
2019-04-16,13,4.42
2019-04-17,14,6.6
2019-04-17,15,6.82
2019-04-17,13,6.2
2019-04-18,15,4.78
2019-04-18,15,2.66
2019-04-18,14,6.32
2019-04-18,14,1.12
2019-04-18,13,7.4
2019-04-19,14,5.46
2019-04-19,15,5.62
2019-04-19,13,7.86
2019-04-22,15,7.18
2019-04-22,15,1.58
2019-04-22,14,5.64
2019-04-22,14,2.5
2019-04-22,13,5.54
2019-04-23,15,5.7
2019-04-23,15,4.28
2019-04-23,14,7.22
2019-04-23,14,3.2
2019-04-23,13,4.88
2019-04-23,13,1.24
2019-04-24,15,7.1
2019-04-24,15,3.84
2019-04-24,14,3.988
2019-04-24,13,6.84
2019-04-24,13,4.36
2019-04-25,15,5.84
2019-04-25,15,0.86
2019-04-25,14,6.78
2019-04-25,14,1.26
2019-04-25,13,6.99
2019-04-25,13,1.34
2019-04-26,15,7.02
2019-04-26,15,3.16
2019-04-26,14,5.96
2019-04-26,13,6.42
2019-04-26,13,2.48
2019-04-29,2,0.8
2019-04-29,13,7.24
2019-04-29,13,7.86
2019-04-29,13,2.82
2019-04-30,13,7.12
2019-04-30,13,6.02
2019-04-30,14,6.94
2019-04-30,14,5.5
2019-04-30,15,7.36
2019-04-30,15,2.46
2019-05-01,13,7.3
2019-05-01,15,5.96
2019-05-02,13,8.68
2019-05-02,13,1.1
2019-05-02,15,7.06
2019-05-02,15,0.92
2019-05-03,13,7.08
2019-05-03,13,1.92
2019-05-03,8,8.94
2019-05-03,15,6.16
2019-05-06,14,5.34
2019-05-06,14,1.52
2019-05-06,15,7.6
2019-05-06,13,5.34
2019-05-07,14,8.28
2019-05-07,15,7.26
2019-05-07,15,2.8
2019-05-07,13,4.82
2019-05-07,13,6.52
2019-05-08,13,4.74
2019-05-08,15,8.4
2019-05-08,15,2.76
2019-05-08,13,3.6
2019-05-08,13,5.75
2019-05-08,13,3.6
2019-05-08,13,5.78
2019-05-09,15,8.16
2019-05-09,15,0.56
2019-05-09,13,7.8
2019-05-09,13,2
2019-05-09,14,5.68
2019-05-10,13,4.78
2019-05-10,15,7.3
2019-05-10,15,1.58
2019-05-10,14,6.9
2019-05-13,17,3.64
2019-05-13,14,2.42
2019-05-13,15,0.507
2019-05-13,13,6.98
2019-05-13,13,2.04
2019-05-14,14,8.74
2019-05-14,14,1.98
2019-05-14,15,5.98
2019-05-14,15,1.76
2019-05-14,13,8.58
2019-05-14,13,1.78
2019-05-15,14,5.58
2019-05-15,15,6.84
2019-05-15,13,4.5
2019-05-16,14,7.1
2019-05-16,14,1.68
2019-05-16,15,6.42
2019-05-16,15,1.46
2019-05-16,13,6.76
2019-05-17,14,4.78
2019-05-17,14,2.08
2019-05-17,15,4.62
2019-05-17,15,1.76
2019-05-17,13,4.6
2019-05-17,13,1.94
2019-05-20,22,0.5
2019-05-20,15,7.42
2019-05-20,15,4.66
2019-05-20,11,0.7
2019-05-20,16,0.985
2019-05-20,14,0.96
2019-05-20,13,7.74
2019-05-20,13,4.88
2019-05-21,15,7.64
2019-05-21,11,1.32
2019-05-21,14,9.26
2019-05-21,14,3.94
2019-05-22,15,8.08
2019-05-22,15,3.08
2019-05-22,11,1.75
2019-05-22,22,0.8
2019-05-22,13,2.3
2019-05-22,13,6.98
2019-05-22,13,2.76
2019-05-23,19,4.24
2019-05-23,15,7.88
2019-05-23,15,3.4
2019-05-23,13,9.22
2019-05-23,13,3.06
2019-05-24,15,8.54
2019-05-24,15,6.76
2019-05-24,13,6.7
2019-05-24,13,6.6
2019-05-27,14,7.04
2019-05-27,14,6.78
2019-05-27,13,5.36
2019-05-27,13,1.34
2019-05-27,15,7.68
2019-05-27,15,7.02
2019-05-28,14,8.98
2019-05-28,14,3.62
2019-05-28,13,9.46
2019-05-28,13,3.7
2019-05-28,15,7.28
2019-05-28,15,2.72
2019-05-29,14,5.52
2019-05-29,13,6.74
2019-05-29,15,6.28
2019-05-30,14,8.9
2019-05-30,13,5.58
2019-05-30,15,6.04
2019-05-30,15,0.76
2019-05-31,13,5.56
2019-05-31,13,3.89
2019-05-31,14,4.86
2019-05-31,15,3.9
2019-05-31,15,1.75
2019-06-03,17,0.96
2019-06-03,15,5.84
2019-06-03,15,1.32
2019-06-03,13,2.86
2019-06-03,13,1.34
2019-06-04,15,7.18
2019-06-04,15,4.7
2019-06-04,14,9.32
2019-06-04,14,3.22
2019-06-05,15,5.1
2019-06-05,15,3.72
2019-06-05,14,2.86
2019-06-05,13,7.02
2019-06-06,15,3.36
2019-06-06,8,6.42
2019-06-06,13,9.72
2019-06-07,15,5.44
2019-06-07,15,3.44
2019-06-07,13,5
2019-06-07,13,3.62
2019-06-10,17,1
2019-06-10,,0.8
2019-06-10,16,1.2
2019-06-10,22,1.9
2019-06-10,13,9.48
2019-06-10,13,5.6
2019-06-10,15,8.14
2019-06-10,15,3.48
2019-06-11,14,4.72
2019-06-11,15,9.64
2019-06-11,15,6.54
2019-06-11,13,10.2
2019-06-11,13,8.2
2019-06-12,15,7.14
2019-06-12,15,2.2
2019-06-12,13,8.38
2019-06-12,13,3.36
2019-06-13,14,5.72
2019-06-13,14,2.42
2019-06-13,15,6.3
2019-06-13,15,3.68
2019-06-13,13,6.2
2019-06-13,13,3.36
2019-06-14,14,6.68
2019-06-14,14,1.32
2019-06-14,15,4.46
2019-06-14,15,4.44
2019-06-14,13,5.78
2019-06-14,13,4.92
2019-06-17,14,4.74
2019-06-17,14,4.76
2019-06-17,15,8.44
2019-06-17,15,3.92
2019-06-17,13,7.24
2019-06-18,15,9.16
2019-06-18,15,6.12
2019-06-18,15,8.44
2019-06-18,13,6.32
2019-06-18,13,8.06
2019-06-19,14,7.04
2019-06-19,15,8.16
2019-06-19,15,5.32
2019-06-19,13,4.42
2019-06-19,13,6.2
2019-06-20,14,6.56
2019-06-20,15,7.64
2019-06-20,15,2.88
2019-06-20,13,8.38
2019-06-20,13,3.88
2019-06-21,14,9.14
2019-06-21,15,8.92
2019-06-21,15,3.94
2019-06-21,13,4.92
2019-06-21,13,2.38
2019-06-22,15,8.2
2019-06-22,15,4.46
2019-06-24,15,6.42
2019-06-24,13,4.68
2019-06-24,13,4.98
2019-06-24,15,5.68
2019-06-24,14,8.3
2019-06-25,13,7.32
2019-06-25,13,4.92
2019-06-25,15,5.62
2019-06-25,15,4.1
2019-06-25,14,7.94
2019-06-25,14,3.46
2019-06-26,15,8.18
2019-06-26,14,9.54
2019-06-26,14,2.2
2019-06-27,15,6.66
2019-06-27,13,2.98
2019-06-27,13,6.18
2019-06-27,15,2.92
2019-06-27,14,6.84
2019-06-27,14,2.94
2019-06-28,8,4.94
2019-06-28,13,6.12
2019-06-28,13,5.78
2019-06-28,15,8.58
2019-06-28,15,1.82
2019-07-01,4,3.52
2019-07-01,13,6.24
2019-07-01,13,2.54
2019-07-01,15,6.38
2019-07-01,15,3.76
2019-07-02,13,9.56
2019-07-02,13,4.52
2019-07-02,15,10.1
2019-07-02,15,3.82
2019-07-03,13,6.84
2019-07-03,13,4.38
2019-07-03,15,8.24
2019-07-03,15,4.38
2019-07-04,13,8.32
2019-07-04,13,4.38
2019-07-05,13,6.84
2019-07-05,13,4.69
2019-07-05,15,8.38
2019-07-05,15,5.14
2019-07-08,14,7.74
2019-07-08,13,5.48
2019-07-08,14,4.94
2019-07-08,15,7.58
2019-07-08,15,6.98
2019-07-09,14,7.4
2019-07-09,13,4.86
2019-07-09,13,6.54
2019-07-09,14,3.56
2019-07-09,15,6.32
2019-07-09,15,4.04
2019-07-10,14,5.6
2019-07-10,13,7.14
2019-07-10,15,7.2
2019-07-11,15,9.7
2019-07-11,13,9.96
2019-07-11,13,1.58
2019-07-11,15,2.94
2019-07-12,15,6.12
2019-07-12,13,7.52
2019-07-12,13,3.76
2019-07-12,15,3.72
2019-07-15,15,5.7
2019-07-15,13,8.36
2019-07-15,15,2.72
2019-07-16,14,8.02
2019-07-16,14,0.32
2019-07-16,13,5.22
2019-07-16,15,6.22
2019-07-16,15,5.18
2019-07-17,15,8.22
2019-07-17,13,5.94
2019-07-17,13,2.34
2019-07-17,15,3.58
2019-07-18,15,7.28
2019-07-18,13,6.68
2019-07-18,13,2.92
2019-07-18,15,2.64
2019-07-19,15,6.04
2019-07-19,15,4.24
2019-07-19,14,4.42
2019-07-19,13,4.72
2019-07-22,13,6.22
2019-07-22,14,6.14
2019-07-22,14,3.94
2019-07-22,15,7.48
2019-07-22,15,4.54
2019-07-23,14,7.48
2019-07-23,14,2.68
2019-07-23,13,7.5
2019-07-23,13,3.28
2019-07-23,15,6.04
2019-07-23,15,1.94
2019-07-24,14,5.44
2019-07-24,15,6
2019-07-24,15,2.22
2019-07-24,13,6.28
2019-07-25,15,8.28
2019-07-25,15,3.38
2019-07-25,13,8.14
2019-07-25,13,3.58
2019-07-26,14,6.66
2019-07-26,15,4.02
2019-07-26,15,2.78
2019-07-26,13,5.76
2019-07-26,13,2.84
2019-07-29,15,5.28
2019-07-29,15,7.38
2019-07-29,13,8.24
2019-07-29,14,6.48
2019-07-29,14,1.52
2019-07-30,15,7.38
2019-07-30,15,3.2
2019-07-30,13,8.56
2019-07-30,14,7.04
2019-07-30,14,2.98
2019-07-31,15,8.06
2019-07-31,15,5.14
2019-07-31,13,9.8
2019-07-31,14,5.76
2019-08-01,15,6.94
2019-08-01,15,4.1
2019-08-01,13,5.7
2019-08-01,13,5.12
2019-08-01,14,4.38
2019-08-01,14,3.58
2019-08-02,15,9.62
2019-08-02,15,4.82
2019-08-02,13,10.14
2019-08-02,13,4.22
2019-08-05,13,4.78
2019-08-05,14,9.76
2019-08-05,14,1.18
2019-08-05,14,9.3
2019-08-05,15,2.62
2019-08-06,13,8.28
2019-08-06,13,3.4
2019-08-06,14,8.24
2019-08-06,15,7.22
2019-08-06,15,3.38
2019-08-07,13,8.38
2019-08-07,14,7.74
2019-08-07,15,6.34
2019-08-07,15,3.04
2019-08-08,13,9.64
2019-08-08,13,3.48
2019-08-09,13,11.7
2019-08-09,13,2.12
2019-08-09,15,9.52
2019-08-09,15,3.3
2019-08-09,15,8.12
2019-08-09,15,4.1
2019-08-12,13,4.52
2019-08-12,14,5.56
2019-08-12,15,5.28
2019-08-12,15,2.52
2019-08-13,13,4.7
2019-08-13,14,7.24
2019-08-13,15,5.24
2019-08-13,15,2.88
2019-08-14,13,6.34
2019-08-14,13,1.9
2019-08-14,15,8.3
2019-08-14,15,2.04
2019-08-15,13,2.94
2019-08-15,14,6.9
2019-08-15,14,1.82
2019-08-15,15,7.28
2019-08-16,13,4.22
2019-08-16,14,5.3
2019-08-16,14,2.02
2019-08-16,15,5.86
2019-08-16,15,3.8
2019-08-19,15,8.66
2019-08-19,15,6.5
2019-08-20,15,7.26
2019-08-20,15,4.68
2019-08-20,15,2.48
2019-08-20,15,0.56
2019-08-21,15,7.12
2019-08-21,15,2.94
2019-08-22,15,7.58
2019-08-22,15,2.46
2019-08-23,15,8.6
2019-08-23,15,2.46
